group,category,side,n,rate_hz,whip_plausible,walk_L,walk_R,turn_L,turn_R,backward_L,backward_R,escape,groom,MN9,DNa01_L,DNa01_R,DNa02_L,DNa02_R,DNg100_L,DNg100_R,DNg97_L,DNg97_R,DNp09_L,DNp09_R,MDN_L,MDN_R,DNp01_L,DNp01_R,n_active,n_dn_10hz,persist_sps,runaway,hops_walk,hops_turn,hops_backward,hops_escape,hops_groom,hops_MN9,hops5_walk,hops5_turn,hops5_backward,hops5_escape,hops5_groom,hops5_MN9,top_dn
JO-A:left,mech_JO,left,48,100,1,0,0,0,0,0,0,0,0,0,0,0,0,0,0,0,0,0,0,0,0,0,0,0,14,1.5,0,0,2,2,2,1,2,3,3,2,3,2,3,4,
JO-A:left,mech_JO,left,48,200,1,0,0,0,0,0,0,0,0,0,0,0,0,0,0,0,0,0,0,0,0,0,0,0,21,3.0,0,0,2,2,2,1,2,3,3,2,3,2,3,4,DNg15_R:20;DNg84_L:19;DNg29_L:18;DNg35_L:6;DNp02_L:2;DNg40_L:1;DNg24_L:1
JO-A:right,mech_JO,right,51,100,1,0,0,0,0,0,0,13,0,0,0,0,0,0,0,0,0,0,0,0,0,0,0,26,44,7.5,0,0,2,2,2,1,2,2,2,2,2,1,3,4,
JO-A:right,mech_JO,right,51,200,1,0,0,0.5,0,0,0,28,0,0,1.0,0,0,0,0,0,0,0,0,0,0,0,0,57,60,10,0,0,2,2,2,1,2,2,2,2,2,1,3,4,DNg24_R:80;DNge130_R:59;DNp01_R:57;DNg29_R:56;DNp02_R:48;DNp55_R:37;DNg84_R:20;DNp35_R:13;DNg74_a_L:11;DNp06_R:9;DNg108_R:9;DNp69_R:6;DNb06_R:6;DNg74_a_R:3;DNp71_R:2;DNp18_L:1;DNge124_R:1;DNg40_R:1;DNb09_L:1;DNa13_L:1
JO-B:left,mech_JO,left,156,100,1,0,0,0,0,0,0,0,0,0,0,0,0,0,0,0,0,0,0,0,0,0,0,0,58,7.0,0,0,2,2,3,1,2,3,2,2,3,1,3,3,
JO-B:left,mech_JO,left,156,200,1,0,0,0,0,0,0,0,0,0,0,0,0,0,0,0,0,0,0,0,0,0,0,0,116,15,0,0,2,2,3,1,2,3,2,2,3,1,3,3,DNp12_L:96;DNb05_L:81;DNg56_L:62;DNg99_L:47;DNg56_R:46;DNg29_L:38;DNb06_L:26;DNp12_R:25;DNge145_L:17;DNp06_L:16;DNp31_L:12;DNg15_R:12;DNp18_L:11;DNge091_L:6;DNp11_L:5;DNp10_L:5;DNpe017_L:4;DNbe001_L:4;DNpe014_L:0
JO-B:right,mech_JO,right,103,100,1,0,0,0,0,0,0,10,0,0,0,0,0,0,0,0,0,0,0,0,0,0,0,21,74,11,0,0,2,2,3,1,2,3,2,2,3,1,3,3,
JO-B:right,mech_JO,right,103,200,1,0,0,0,0,0,0,24,0,0,0,0,0,0,0,0,0,0,0,0,0,0,0,47,128,15,0,0,2,2,3,1,2,3,2,2,3,1,3,3,DNg29_R:72;DNp11_R:56;DNp12_R:51;DNp73_R:50;DNg99_R:48;DNp01_R:47;DNp06_R:37;DNge113_R:32;DNge145_R:30;DNp103_R:28;DNb06_R:19;DNb05_R:19;DNpe014_R:14;DNg108_R:8;DNg108_L:8;DNg56_R:4;DNp40_R:3;DNg40_R:3;DNge141_R:2
JO-CA:left,mech_JO,left,24,100,1,0,0,0,0,0,0,0,0,0,0,0,0,0,0,0,0,0,0,0,0,0,0,0,3.0,0,0,0,2,2,3,1,2,3,3,3,3,2,3,4,
JO-CA:left,mech_JO,left,24,200,1,0,0,0,0,0,0,0,0,0,0,0,0,0,0,0,0,0,0,0,0,0,0,0,18,1.0,0,0,2,2,3,1,2,3,3,3,3,2,3,4,DNp18_L:12;DNb06_L:4
JO-CA:right,mech_JO,right,12,100,1,0,0,0,0,0,0,0,0,0,0,0,0,0,0,0,0,0,0,0,0,0,0,0,1.0,0,0,0,3,2,3,1,3,3,3,3,3,2,3,4,
JO-CA:right,mech_JO,right,12,200,1,0,0,0,0,0,0,0,0,0,0,0,0,0,0,0,0,0,0,0,0,0,0,0,8.5,1.0,0,0,3,2,3,1,3,3,3,3,3,2,3,4,DNp18_R:12
JO-CL:left,mech_JO,left,14,100,1,0,0,0,0,0,0,0,0,0,0,0,0,0,0,0,0,0,0,0,0,0,0,0,3.0,1.0,0,0,2,2,3,2,3,3,3,2,3,2,4,4,
JO-CL:left,mech_JO,left,14,200,1,0,0,0,0,0,0,0,0,0,0,0,0,0,0,0,0,0,0,0,0,0,0,0,8.0,3.5,0,0,2,2,3,2,3,3,3,2,3,2,4,4,DNp33_L:64;DNg99_L:34;DNp73_L:17;DNg29_L:7
JO-CL:right,mech_JO,right,11,100,1,0,0,0,0,0,0,0,0,0,0,0,0,0,0,0,0,0,0,0,0,0,0,0,5.0,0.5,0,0,2,2,2,2,3,3,3,2,3,2,4,4,
JO-CL:right,mech_JO,right,11,200,1,0,0,0,0,0,0,0,0,0,0,0,0,0,0,0,0,0,0,0,0,0,0,0,16,3.0,0,0,2,2,2,2,3,3,3,2,3,2,4,4,DNp73_R:40;DNp33_R:34;DNg51_R:8;DNg99_R:2;DNg29_R:1
JO-CM:left,mech_JO,left,18,100,1,0,0,0,0,0,0,0,0,0,0,0,0,0,0,0,0,0,0,0,0,0,0,0,0.5,0,0,0,2,2,2,2,2,3,3,3,3,3,3,4,
JO-CM:left,mech_JO,left,18,200,1,0,0,0,0,0,0,0,0,0,0,0,0,0,0,0,0,0,0,0,0,0,0,0,3.0,0,0,0,2,2,2,2,2,3,3,3,3,3,3,4,DNg29_L:1
JO-CM:right,mech_JO,right,17,100,1,0,0,0,0,0,0,0,0,0,0,0,0,0,0,0,0,0,0,0,0,0,0,0,18,3.0,0,0,2,2,2,2,2,2,3,2,3,3,3,4,
JO-CM:right,mech_JO,right,17,200,1,0,0,0,0,0,0,0,0,0,0,0,0,0,0,0,0,0,0,0,0,0,0,0,32,5.0,0,0,2,2,2,2,2,2,3,2,3,3,3,4,DNp33_R:86;DNg29_R:71;DNg99_R:53;DNp18_R:18;DNpe017_R:6;DNp73_R:3;DNg24_R:3;DNge091_R:2
JO-DA:left,mech_JO,left,17,100,1,0,0,0,0,0,0,0,0,0,0,0,0,0,0,0,0,0,0,0,0,0,0,0,0,0,0,0,2,2,3,1,2,3,3,3,3,3,4,4,
JO-DA:left,mech_JO,left,17,200,1,0,0,0,0,0,0,0,0,0,0,0,0,0,0,0,0,0,0,0,0,0,0,0,0,0,0,0,2,2,3,1,2,3,3,3,3,3,4,4,
JO-DA:right,mech_JO,right,15,100,1,0,0,0,0,0,0,0,0,0,0,0,0,0,0,0,0,0,0,0,0,0,0,0,0,0,0,0,2,2,3,1,3,3,3,3,3,2,4,4,
JO-DA:right,mech_JO,right,15,200,1,0,0,0,0,0,0,0,0,0,0,0,0,0,0,0,0,0,0,0,0,0,0,0,4.5,0,0,0,2,2,3,1,3,3,3,3,3,2,4,4,DNg24_R:1
JO-DP:left,mech_JO,left,11,100,1,0,0,0,0,0,0,0,0,0,0,0,0,0,0,0,0,0,0,0,0,0,0,0,0.5,0,0,0,3,3,3,2,2,3,4,3,4,3,4,5,
JO-DP:left,mech_JO,left,11,200,1,0,0,0,0,0,0,0,0,0,0,0,0,0,0,0,0,0,0,0,0,0,0,0,2.5,1.0,0,0,3,3,3,2,2,3,4,3,4,3,4,5,DNg99_L:16
JO-DP:right,mech_JO,right,10,100,1,0,0,0,0,0,0,0,0,0,0,0,0,0,0,0,0,0,0,0,0,0,0,0,0,0,0,0,2,3,3,2,3,3,-1,-1,-1,-1,-1,-1,
JO-DP:right,mech_JO,right,10,200,1,0,0,0,0,0,0,0,0,0,0,0,0,0,0,0,0,0,0,0,0,0,0,0,0,0,0,0,2,3,3,2,3,3,-1,-1,-1,-1,-1,-1,
JO-ED:left,mech_JO,left,53,100,1,0,0,0,0,0,0,0,0,0,0,0,0,0,0,0,0,0,0,0,0,0,0,0,108,12,0,0,2,2,2,2,2,3,3,2,3,2,3,4,
JO-ED:left,mech_JO,left,53,200,1,0.7,0,0,0,0,0,0,0,0,0,0,0,0,0,0,2.0,0,0,0,0,0,0,0,170,26,0,0,2,2,2,2,2,3,3,2,3,2,3,4,DNbe001_L:76;DNge084_L:50;DNb06_L:43;DNb05_L:43;DNp18_L:42;DNp10_L:37;DNp12_L:35;DNge107_R:32;DNg07_L:31;DNg56_L:29;DNbe001_R:21;DNp41_R:18;DNpe027_R:15;DNg11_R:13;DNpe017_L:10;DNge091_L:8;DNge078_R:8;DNg06_L:8;DNp22_L:7;DNge016_L:4
JO-ED:right,mech_JO,right,57,100,1,0,0,0,0,0,0,0,0,0,0,0,0,0,0,0,0,0,0,0,0,0,0,0,88,12,0,0,2,2,2,2,2,3,3,2,2,2,3,3,
JO-ED:right,mech_JO,right,57,200,1,0,0,0,0,0,0,0,0,0,0,0,0,0,0,0,0,0,0,0,0,0,0,0,132,16,0,0,2,2,2,2,2,3,3,2,2,2,3,3,DNp19_R:83;DNb06_R:68;DNp18_R:49;DNbe001_R:41;DNpe017_R:39;DNp40_R:35;DNa10_R:33;DNa10_L:27;DNae009_R:25;DNge107_L:23;DNp73_L:15;DNp19_L:11;DNg07_R:6;DNg11_L:5;DNge091_R:5;DNpe014_R:4;DNae009_L:1
JO-EV:left,mech_JO,left,120,100,1,0,0,0,0,0,0,0,0,0,0,0,0,0,0,0,0,0,0,0,0,0,0,0,134,14,0,0,2,2,2,2,2,2,2,2,3,2,3,4,
JO-EV:left,mech_JO,left,120,200,1,0,0,0,0,0,0,0,0,0,0,0,0,0,0,0,0,0,0,0,0,0,0,0,262,26,0,0,2,2,2,2,2,2,2,2,3,2,3,4,DNp73_L:85;DNg29_L:44;DNb06_L:42;DNp12_R:38;DNp18_L:37;DNp12_L:36;DNg15_R:36;DNg84_L:33;DNbe001_L:33;DNg56_R:29;DNge091_L:22;DNbe001_R:21;DNg35_L:20;DNge111_L:19;DNp15_R:13;DNp33_R:11;DNg56_L:11;DNpe014_L:7;DNp06_L:5;DNge107_R:5
JO-EV:right,mech_JO,right,107,100,1,0,0,0,0,0,0,0,0,0,0,0,0,0,0,0,0,0,0,0,0,0,0,0,170,18,0,0,2,2,2,2,2,2,3,2,2,2,3,3,
JO-EV:right,mech_JO,right,107,200,1,0,0,0,1.0,0,0,0,0,0,0,0,0,2.0,0,0,0,0,0,0,0,0,0,0,354,32,0,0,2,2,2,2,2,2,3,2,2,2,3,3,DNp73_R:96;DNb06_R:82;DNg29_R:76;DNpe014_R:63;DNp40_R:63;DNp18_R:62;DNpe017_R:58;DNp12_R:51;DNge175_R:46;DNge016_R:46;DNge111_R:38;DNge091_R:30;DNp12_L:29;DNge070_R:23;DNp20_R:22;DNge132_R:19;DNg94_R:15;DNpe019_R:14;DNp51_R:13;DNg05_a_R:8
JO-FD:left,mech_JO,left,18,100,1,0,0,0,0,0,0,0,0,0,0,0,0,0,0,0,0,0,0,0,0,0,0,0,16,1.5,0,0,2,2,2,2,2,3,3,3,3,3,2,3,
JO-FD:left,mech_JO,left,18,200,1,0,0,0,0,0,0,0,0,0,0,0,0,0,0,0,0,0,0,0,0,0,0,0,39,8.5,0,0,2,2,2,2,2,3,3,3,3,3,2,3,DNg35_L:56;DNg84_L:25;DNge132_L:22;DNg29_L:20;DNge078_R:15;DNge054_L:14;DNg15_R:14;DNg87_L:12;DNg62_R:9;DNge011_L:2;DNp10_L:1
JO-FD:right,mech_JO,right,14,100,1,0,0,0,0,0,0,0,0,0,0,0,0,0,0,0,0,0,0,0,0,0,0,0,6.5,1.0,0,0,2,2,2,2,2,2,3,3,2,3,2,3,
JO-FD:right,mech_JO,right,14,200,1,0,0,0,0,0,0,0,0,0,0,0,0,0,0,0,0,0,0,0,0,0,0,0,17,2.0,0,0,2,2,2,2,2,2,3,3,2,3,2,3,DNg29_R:44;DNg35_R:16;DNge132_R:1
JO-FV:left,mech_JO,left,86,100,1,0,0,0,0,0,0,0,0,0,0,0,0,0,0,0,0,0,0,0,0,0,0,0,22,5.0,0,0,2,2,2,2,2,2,2,2,3,3,2,3,
JO-FV:left,mech_JO,left,86,200,1,0,0,0,0,0,0,0,0,0,0,0,0,0,0,0,0,0,0,0,0,0,0,0,56,12,0,0,2,2,2,2,2,2,2,2,3,3,2,3,DNg84_L:97;DNg35_L:80;DNg57_L:57;DNge054_L:42;DNpe002_L:40;DNge011_L:40;DNge037_L:32;DNg20_L:28;DNge104_R:21;DNae007_L:18;DNge041_L:13;DNg59_L:12;DNg15_R:10;DNge049_R:2;DNge049_L:2;DNg29_L:2
JO-FV:right,mech_JO,right,80,100,1,0,0,0,0,0,0,0,0,0,0,0,0,0,0,0,0,0,0,0,0,0,0,0,8.0,2.5,0,0,2,2,2,2,2,2,3,3,2,3,2,3,
JO-FV:right,mech_JO,right,80,200,1,0,0,0,0,0,0,0,0,0,0,0,0,0,0,0,0,0,0,0,0,0,0,0,30,6.0,0,0,2,2,2,2,2,2,3,3,2,3,2,3,DNg35_R:57;DNg29_R:41;DNg57_R:33;DNg84_R:25;DNpe002_R:18;DNge037_R:18;DNp55_R:7;DNge011_R:2;DNg15_L:2
JO-other:left,mech_JO,left,17,100,1,1.3,0,0,0,0,0,0,0,0,0,0,0,0,0,0,4.0,0,0,0,0,0,0,0,44,6.0,0,0,2,2,2,2,2,2,3,3,3,2,3,4,
JO-other:left,mech_JO,left,17,200,1,7.0,0,0,4.0,0,0,0,0,0,0,0,0,8.0,0,0,21,0,0,0,0,0,0,0,106,12,0,0,2,2,2,2,2,2,3,3,3,2,3,4,DNg29_L:55;DNg84_L:53;DNg15_R:53;DNge054_L:40;DNg35_L:32;DNp33_L:24;DNg97_L:21;DNg13_R:18;DNb05_L:16;DNbe007_L:12;DNpe002_L:11;DNg51_L:10;DNp56_L:8;DNg75_R:8;DNa11_R:8;DNa06_R:8;DNa02_R:8;DNge083_L:5;DNg39_L:4;DNge040_R:3
JO-other:right,mech_JO,right,33,100,1,0,0,0,0,0,0,0,0,0,0,0,0,0,0,0,0,0,0,0,0,0,0,0,68,5.5,0,0,2,2,2,2,2,2,3,2,3,2,3,4,
JO-other:right,mech_JO,right,33,200,1,0,0,0,0,0,0,0,0,0,0,0,0,0,0,0,0,0,0,0,0,0,0,0,141,8.0,0,0,2,2,2,2,2,2,3,2,3,2,3,4,DNp33_R:80;DNg99_R:63;DNg29_R:55;DNg51_R:48;DNg24_R:27;DNp15_R:24;DNg84_R:5;DNpe056_R:3;DNp34_L:3;DNg41_R:3;DNa16_R:3;DNge091_R:2;DNge054_R:2;DNpe014_R:1;DNg15_L:1;DNg13_L:1;DNb06_R:1;DNae005_L:1;DNa11_L:1
JO-C(all):left,mech_JO,left,56,100,1,0,0,0,0,0,0,0,0,0,0,0,0,0,0,0,0,0,0,0,0,0,0,0,10,2.5,0,0,2,2,2,1,2,3,3,2,3,2,3,4,
JO-C(all):left,mech_JO,left,56,200,1,0,0,0,0,0,0,0,0,0,0,0,0,0,0,0,0,0,0,0,0,0,0,0,50,4.0,0,0,2,2,2,1,2,3,3,2,3,2,3,4,DNp33_L:69;DNg99_L:39;DNg29_L:38;DNp73_L:25;DNg84_L:6;DNg15_R:6;DNg35_L:1;DNb06_L:1
JO-C(all):right,mech_JO,right,40,100,1,0,0,0,0,0,0,0,0,0,0,0,0,0,0,0,0,0,0,0,0,0,0,0,26,4.5,0,0,2,2,2,1,2,2,3,2,3,2,3,4,
JO-C(all):right,mech_JO,right,40,200,1,0,0,0,0,0,0,0,0,0,0,0,0,0,0,0,0,0,0,0,0,0,0,0,108,5.5,0,0,2,2,2,1,2,2,3,2,3,2,3,4,DNp33_R:104;DNg29_R:84;DNg99_R:68;DNp73_R:47;DNp15_R:5;DNge091_R:5;DNg51_R:4;DNp18_R:2;DNg24_R:2;DNa11_L:2;DNpe056_R:1;DNp34_L:1
JO-D(all):left,mech_JO,left,28,100,1,0,0,0,0,0,0,0,0,0,0,0,0,0,0,0,0,0,0,0,0,0,0,0,0,0,0,0,2,2,3,1,2,3,3,3,3,3,4,4,
JO-D(all):left,mech_JO,left,28,200,1,0,0,0,0,0,0,0,0,0,0,0,0,0,0,0,0,0,0,0,0,0,0,0,3.0,1.0,0,0,2,2,3,1,2,3,3,3,3,3,4,4,DNg99_L:15
JO-D(all):right,mech_JO,right,25,100,1,0,0,0,0,0,0,0,0,0,0,0,0,0,0,0,0,0,0,0,0,0,0,0,1.0,0,0,0,2,2,3,1,3,3,3,3,3,2,4,4,
JO-D(all):right,mech_JO,right,25,200,1,0,0,0,0,0,0,0,0,0,0,0,0,0,0,0,0,0,0,0,0,0,0,0,4.0,0,0,0,2,2,3,1,3,3,3,3,3,2,4,4,
JO-E(all):left,mech_JO,left,173,100,1,0.3,0,0,0,0,0,0,0,0,0,0,0,0,0,0,1.0,0,0,0,0,0,0,0,222,24,0,0,2,2,2,2,2,2,2,2,3,2,3,4,
JO-E(all):left,mech_JO,left,173,200,1,4.7,0,1.0,0,0,0,0,0,0,0,0,2.0,0,0,0,14,0,0,0,0,0,0,0,418,51,0,0,2,2,2,2,2,2,2,2,3,2,3,4,DNbe001_L:108;DNp18_L:91;DNp12_L:74;DNp10_L:68;DNb06_L:61;DNg56_L:52;DNbe001_R:52;DNge084_L:47;DNp12_R:44;DNge107_R:42;DNge078_R:38;DNg87_L:37;DNg62_R:37;DNg35_L:36;DNg56_R:35;DNb05_L:32;DNge111_L:30;DNge132_L:29;DNg07_L:14;DNp41_R:14
JO-E(all):right,mech_JO,right,164,100,1,0,0,0,0.5,0,0,0,0,0,0,0,0,1.0,0,0,0,0,0,0,0,0,0,0,288,26,0,0,2,2,2,2,2,2,3,2,2,2,3,3,
JO-E(all):right,mech_JO,right,164,200,1,0,0,0,1.0,0,0,0,0,0,0,1.0,0,1.0,0,0,0,0,0,0,0,0,0,0,462,46,0,0,2,2,2,2,2,2,3,2,2,2,3,3,DNp18_R:104;DNp19_R:83;DNb06_R:81;DNg29_R:70;DNpe017_R:68;DNp73_R:68;DNp40_R:62;DNp12_R:51;DNge016_R:51;DNbe001_R:47;DNge175_R:43;DNge132_R:37;DNge111_R:34;DNge091_R:33;DNpe014_R:30;DNa10_R:29;DNp20_R:27;DNge043_R:27;DNa10_L:27;DNge070_R:14
JO-F(all):left,mech_JO,left,104,100,1,0,0,0,0,0,0,0,0,0,0,0,0,0,0,0,0,0,0,0,0,0,0,0,32,5.5,0,0,2,2,2,2,2,2,2,2,3,3,2,3,
JO-F(all):left,mech_JO,left,104,200,1,0,0,0,0,0,0,0,0,0,0,0,0,0,0,0,0,0,0,0,0,0,0,0,66,12,0,0,2,2,2,2,2,2,2,2,3,3,2,3,DNg84_L:106;DNg35_L:91;DNg57_L:57;DNge054_L:49;DNge011_L:41;DNpe002_L:39;DNg29_L:39;DNge037_L:35;DNg20_L:27;DNge104_R:22;DNae007_L:17;DNge041_L:16;DNg59_L:9;DNg15_R:4;DNge049_R:1;DNge049_L:1
JO-F(all):right,mech_JO,right,94,100,1,0,0,0,0,0,0,0,0,0,0,0,0,0,0,0,0,0,0,0,0,0,0,0,16,3.0,0,0,2,2,2,2,2,2,3,3,2,3,2,3,
JO-F(all):right,mech_JO,right,94,200,1,0,0,0,0,0,0,0,0,0,0,0,0,0,0,0,0,0,0,0,0,0,0,0,40,6.5,0,0,2,2,2,2,2,2,3,3,2,3,2,3,DNg35_R:69;DNg29_R:61;DNg84_R:36;DNg57_R:34;DNpe002_R:19;DNge037_R:19;DNge011_R:8;DNg15_L:2;DNp55_R:1
JO_wind_gravity:left,mech_JO,left,249,100,1,0.3,0,0,0,0,0,0,0,0,0,0,0,0,0,0,1.0,0,0,0,0,0,0,0,228,23,0,0,2,2,2,1,2,2,2,2,3,2,3,4,
JO_wind_gravity:left,mech_JO,left,249,200,1,4.7,0,1.5,0,0,0,0,0,0,0,0,3.0,0,0,0,14,0,0,0,0,0,0,0,458,53,0,0,2,2,2,1,2,2,2,2,3,2,3,4,DNbe001_L:103;DNp18_L:90;DNp12_L:64;DNp10_L:62;DNb06_L:59;DNg29_L:52;DNge084_L:49;DNbe001_R:49;DNge107_R:47;DNp12_R:46;DNg56_L:46;DNg35_L:41;DNg84_L:39;DNg62_R:38;DNge078_R:37;DNg56_R:36;DNg87_L:34;DNb05_L:33;DNp41_R:30;DNge132_L:15
JO_wind_gravity:right,mech_JO,right,232,100,1,0,0,0,0,0,0,0,0,0,0,0,0,0,0,0,0,0,0,0,0,0,0,0,210,22,0,0,2,2,2,1,2,2,3,2,2,2,3,3,
JO_wind_gravity:right,mech_JO,right,232,200,1,0,0,0,0,0,0,0,0,0,0,0,0,0,0,0,0,0,0,0,0,0,0,0,419,39,0,0,2,2,2,1,2,2,3,2,2,2,3,3,DNg29_R:96;DNp18_R:95;DNp73_R:86;DNp19_R:81;DNb06_R:81;DNpe017_R:74;DNp40_R:60;DNge016_R:52;DNbe001_R:39;DNge132_R:36;DNp12_R:35;DNge175_R:34;DNge107_L:31;DNp20_R:26;DNge070_R:26;DNge043_R:26;DNa10_L:26;DNp19_L:24;DNp12_L:14;DNa10_R:13
JO_auditory:left,mech_JO,left,212,100,1,0,0,0,0,0,0,0,0,0,0,0,0,0,0,0,0,0,0,0,0,0,0,0,70,12,0,0,2,2,2,1,2,3,2,2,3,1,3,3,
JO_auditory:left,mech_JO,left,212,200,1,0.7,0,0,0,0,0,0,0,0,0,0,0,0,0,0,2.0,0,0,0,0,0,0,0,142,18,0,0,2,2,2,1,2,3,2,2,3,1,3,3,DNp12_L:91;DNb05_L:83;DNg56_L:55;DNb06_L:39;DNg56_R:38;DNg29_L:35;DNg15_R:35;DNp18_L:30;DNg99_L:27;DNge145_L:18;DNp12_R:18;DNg84_L:18;DNg35_L:18;DNpe017_L:14;DNge054_L:11;DNbe001_L:11;DNpe014_L:10;DNp31_L:8;DNge091_L:3;DNp22_L:2
JO_auditory:right,mech_JO,right,175,100,1,0,0,0,0,0,0,26,0,0,0,0,0,0,0,0,0,0,0,0,0,0,0,51,126,14,0,0,2,2,2,1,2,2,2,2,2,1,3,3,
JO_auditory:right,mech_JO,right,175,200,1,0,0.7,3.5,0,0,0,40,0,0,7.0,0,0,0,0,0,0,2.0,0,0,0,0,0,80,226,28,0,0,2,2,2,1,2,2,2,2,2,1,3,3,DNg29_R:104;DNg24_R:86;DNp01_R:80;DNp02_R:58;DNp11_R:54;DNge130_R:51;DNb06_R:50;DNp55_R:36;DNge113_R:36;DNg84_R:33;DNp103_R:29;DNpe014_R:26;DNp06_R:26;DNge145_R:25;DNp35_R:24;DNg40_R:23;DNge054_R:19;DNp40_R:17;DNg99_R:17;DNp69_R:8
JO_grooming:left,mech_JO,left,99,100,1,0,0,0,0,0,0,0,0,0,0,0,0,0,0,0,0,0,0,0,0,0,0,0,32,6.0,0,0,2,2,2,2,2,2,2,2,3,3,2,3,
JO_grooming:left,mech_JO,left,99,200,1,0,0,0,0,0,0,0,0,0,0,0,0,0,0,0,0,0,0,0,0,0,0,0,68,13,0,0,2,2,2,2,2,2,2,2,3,3,2,3,DNg84_L:105;DNg35_L:94;DNg57_L:59;DNge054_L:49;DNge011_L:44;DNpe002_L:40;DNge037_L:35;DNg20_L:28;DNge104_R:23;DNae007_L:18;DNge041_L:16;DNg29_L:13;DNg15_R:13;DNg59_L:6;DNg39_L:4;DNge049_R:3;DNge049_L:3
JO_grooming:right,mech_JO,right,88,100,1,0,0,0,0,0,0,0,0,0,0,0,0,0,0,0,0,0,0,0,0,0,0,0,14,3.0,0,0,2,2,2,2,2,2,3,3,2,3,2,3,
JO_grooming:right,mech_JO,right,88,200,1,0,0,0,0,0,0,0,0,0,0,0,0,0,0,0,0,0,0,0,0,0,0,0,36,6.0,0,0,2,2,2,2,2,2,3,3,2,3,2,3,DNg35_R:65;DNg29_R:44;DNg84_R:36;DNg57_R:34;DNpe002_R:19;DNge037_R:19;DNge011_R:5;DNp55_R:3;DNg15_L:2
JO_all:left,mech_JO,left,582,100,1,11,0,0,6.5,0,0,0,0,0,0,2.0,0,11,0,0,32,0,0,0,0,0,0,0,364,42,0,0,2,2,2,1,2,2,2,2,3,1,2,3,
JO_all:left,mech_JO,left,582,200,1,19,0,1.0,20,0,0,0,0,0,0,16,2.0,25,0,0,57,0,0,0,0,0,0,0,638,76,0,0,2,2,2,1,2,2,2,2,3,1,2,3,DNg29_L:155;DNg84_L:133;DNg35_L:109;DNp12_L:105;DNb05_L:105;DNbe001_L:98;DNp18_L:91;DNge054_L:84;DNg15_R:79;DNg56_L:70;DNg57_L:66;DNge011_L:65;DNp10_L:64;DNb06_L:59;DNg97_L:57;DNg56_R:57;DNge084_L:49;DNp12_R:48;DNg62_R:46;DNge107_R:44
JO_all:right,mech_JO,right,510,100,1,0,0,0,0,0,0,20,0,0,0,0,0,0,0,0,0,0,0,0,0,0,0,39,312,38,0,0,2,2,2,1,2,2,2,2,2,1,2,3,
JO_all:right,mech_JO,right,510,200,1,0,0.3,5.5,0,0,0,32,0,0,10,0,1.0,0,0,0,0,1.0,0,0,0,0,0,63,601,55,0,0,2,2,2,1,2,2,2,2,2,1,2,3,DNg29_R:179;DNp73_R:98;DNp18_R:92;DNp19_R:87;DNg24_R:85;DNb06_R:81;DNpe017_R:74;DNp33_R:70;DNg35_R:65;DNp01_R:63;DNg84_R:61;DNge016_R:60;DNp40_R:58;DNp12_R:56;DNge130_R:47;DNge111_R:41;DNg57_R:40;DNge091_R:39;DNp11_R:38;DNg99_R:26
head_bristle:left,mech_bristle,left,150,100,1,0,0,9.0,3.5,0,0,0,0.7,0,0,7.0,18,0,0,0,0,0,0,0,0,0,0,0,495,96,0,0,2,2,2,2,1,1,2,2,2,2,1,2,
head_bristle:left,mech_bristle,left,150,200,1,0,0,9.0,7.0,0,0,0,4.8,0,0,14,18,0,0,0,0,0,0,0,0,0,0,0,760,142,1870,0,2,2,2,2,1,1,2,2,2,2,1,2,DNg48_R:235;DNge036_L:234;DNg85_L:233;DNg15_R:230;DNg35_L:220;DNg84_L:215;DNg37_R:203;DNge132_L:199;DNge067_L:184;DNge056_R:167;DNge065_L:166;DNge104_R:157;DNg57_L:156;DNg59_L:151;DNge100_L:149;DNg87_L:144;DNge057_R:135;DNge121_L:132;DNg15_L:72;DNge122_R:66
head_bristle:right,mech_bristle,right,155,100,1,0,0,1.0,3.5,0,0,0,0,0,0,0,2.0,7.0,0,0,0,0,0,0,0,0,0,0,362,64,0,0,2,2,2,2,1,2,2,2,2,2,2,2,
head_bristle:right,mech_bristle,right,155,200,1,0,0,0,4.0,0,0,0,1.2,0,0,0,0,8.0,0,0,0,0,0,0,0,0,0,0,530,94,0,0,2,2,2,2,1,2,2,2,2,2,2,2,DNg35_R:208;DNg84_R:200;DNg15_L:194;DNge132_R:190;DNg48_L:162;DNg85_R:158;DNg15_R:157;DNge122_L:152;DNg81_L:146;DNg87_R:142;DNg57_R:132;DNge104_L:126;DNge054_R:126;DNg59_R:126;DNge036_R:114;DNge041_R:112;DNg84_L:112;DNge067_R:110;DNge122_R:109;DNge065_R:107
eye_bristle:left,mech_bristle,left,555,100,1,0,0,0,2.0,0,0,0,2.1,0,0,3.0,0,1.0,0,0,0,0,0,0,0,0,0,0,276,55,0,0,2,2,2,2,1,2,3,3,3,3,2,3,
eye_bristle:left,mech_bristle,left,555,200,1,0.7,0,0,0,0,0,0,4.9,0,0,0,0,0,0,0,2.0,0,0,0,0,0,0,0,358,72,0,0,2,2,2,2,1,2,3,3,3,3,2,3,DNg84_L:232;DNg35_L:202;DNge132_L:197;DNg87_L:183;DNge104_R:154;DNg85_L:141;DNge054_L:135;DNg81_R:129;DNg15_R:126;DNge122_R:124;DNge011_L:119;DNde006_L:116;DNge067_L:115;DNg62_R:108;DNg48_R:108;DNge133_L:96;DNge039_L:95;DNge105_L:92;DNg83_L:92;DNg57_L:88
eye_bristle:right,mech_bristle,right,557,100,1,0,0.3,1.5,0,0,0,0,2.2,0,0,0,3.0,0,0,0,0,0,0,1.0,0,0,0,0,276,46,0,0,2,2,2,2,1,2,3,3,2,3,2,3,
eye_bristle:right,mech_bristle,right,557,200,1,0,1.7,0.5,0,0,1.0,0,3.2,0,0,0,1.0,0,0,0,0,5.0,0,0,0,1.0,0,0,416,64,0,0,2,2,2,2,1,2,3,3,2,3,2,3,DNg84_R:222;DNg35_R:204;DNge132_R:190;DNg87_R:180;DNge104_L:145;DNge122_L:137;DNg85_R:131;DNg81_L:128;DNge054_R:125;DNge011_R:124;DNge067_R:116;DNg62_L:100;DNg48_L:99;DNge121_R:90;DNge122_R:88;DNde006_R:88;DNg83_R:86;DNg58_R:85;DNge124_R:82;DNge105_R:82
BM_Ant:left,mech_bristle,left,20,100,1,0,0,2.0,0,0,0,0,0,0,0,0,4.0,0,0,0,0,0,0,0,0,0,0,0,96,23,0,0,2,2,2,2,2,2,2,2,2,3,2,3,
BM_Ant:left,mech_bristle,left,20,200,1,0.7,0,3.0,1.5,0,0,0,0,0,0,0,6.0,3.0,0,0,2.0,0,0,0,0,0,0,0,187,40,0,0,2,2,2,2,2,2,2,2,2,3,2,3,DNg15_R:131;DNg35_L:128;DNg84_L:111;DNg35_R:93;DNg15_L:86;DNge054_L:77;DNg87_R:72;DNg57_L:69;DNg84_R:68;DNge133_L:66;DNge008_L:65;DNg81_L:61;DNpe002_L:54;DNge065_L:53;DNge041_L:52;DNge037_L:52;DNae007_L:51;DNg81_R:49;DNge104_R:41;DNg88_L:40
BM_Ant:right,mech_bristle,right,21,100,1,1.3,0,1.5,10,0,0,0,0,0,0,9.0,3.0,12,0,0,4.0,0,0,0,0,0,0,0,138,24,0,0,2,2,2,2,2,2,2,2,2,3,2,3,
BM_Ant:right,mech_bristle,right,21,200,1,0,0,0,26,0,0,0,0,0,0,21,0,31,0,0,0,0,0,0,0,0,0,0,220,39,40,0,2,2,2,2,2,2,2,2,2,3,2,3,DNg35_R:123;DNg15_L:122;DNg84_R:110;DNg15_R:103;DNg84_L:90;DNge041_R:72;DNge012_R:64;DNg57_R:63;DNge054_R:61;DNg81_L:61;DNge008_R:58;DNge065_L:56;DNg35_L:49;DNae007_R:45;DNge037_L:44;DNge037_R:41;DNg57_L:40;DNg88_R:37;DNpe002_R:19;DNge133_R:19
BM_Fr:left,mech_bristle,left,6,100,1,0,0,0,0,0,0,0,0,0,0,0,0,0,0,0,0,0,0,0,0,0,0,0,27,7.0,0,0,2,2,2,2,2,2,3,2,2,3,2,3,
BM_Fr:left,mech_bristle,left,6,200,1,0,0,0,0,0,0,0,0,0,0,0,0,0,0,0,0,0,0,0,0,0,0,0,66,12,0,0,2,2,2,2,2,2,3,2,2,3,2,3,DNg35_L:69;DNg84_L:66;DNg59_L:55;DNge054_L:53;DNg15_R:53;DNge133_L:27;DNp55_L:25;DNp13_L:25;DNg81_R:17;DNge132_L:14;DNg87_L:14;DNg35_R:10;DNg84_R:9;DNpe056_L:7;DNp55_R:6;DNg57_L:2;DNg39_L:2;DNge122_R:1;DNge008_L:1
BM_Fr:right,mech_bristle,right,7,100,1,0,0,2.5,0,0,0,0,0,0,0,0,5.0,0,0,0,0,0,0,0,0,0,0,0,58,7.5,0,0,2,2,2,2,2,2,3,2,2,3,2,3,
BM_Fr:right,mech_bristle,right,7,200,1,0,0,4.5,0,0,0,0,0,0,0,0,9.0,0,0,0,0,0,0,0,0,0,0,0,89,20,0,0,2,2,2,2,2,2,3,2,2,3,2,3,DNg35_R:68;DNg84_R:67;DNge054_R:60;DNg15_R:35;DNg15_L:35;DNp55_R:29;DNge122_L:29;DNp13_R:21;DNge132_R:20;DNg84_L:17;DNg81_L:17;DNg35_L:17;DNge133_R:13;DNpe056_R:12;DNp34_L:12;DNg87_R:12;DNg59_R:11;DNge012_R:9;DNge054_L:5;DNa16_L:5
BM_FrOr:left,mech_bristle,left,6,100,1,0,0,0,0,0,0,0,0,0,0,0,0,0,0,0,0,0,0,0,0,0,0,0,21,5.0,0,0,2,2,2,2,2,2,3,3,3,3,2,3,
BM_FrOr:left,mech_bristle,left,6,200,1,0,0,0,0,0,0,0,0,0,0,0,0,0,0,0,0,0,0,0,0,0,0,0,42,6.0,0,0,2,2,2,2,2,2,3,3,3,3,2,3,DNg35_L:87;DNg84_L:80;DNge054_L:39;DNg15_R:37;DNge132_L:26;DNg81_R:18;DNge122_R:7;DNp55_L:6;DNp13_L:2
BM_FrOr:right,mech_bristle,right,7,100,1,0,0,0.5,0,0,0,0,0,0,0,0,1.0,0,0,0,0,0,0,0,0,0,0,0,30,3.0,0,0,2,2,2,2,2,2,3,2,2,3,2,3,
BM_FrOr:right,mech_bristle,right,7,200,1,0,0,4.0,0,0,0,0,0,0,0,0,8.0,0,0,0,0,0,0,0,0,0,0,0,70,8.0,0,0,2,2,2,2,2,2,3,2,2,3,2,3,DNg35_R:69;DNg84_R:56;DNp55_R:25;DNg81_L:19;DNg59_R:16;DNg20_L:16;DNge012_R:15;DNge054_R:14;DNae002_L:8;DNa16_L:8;DNa15_L:8;DNa03_L:8;DNa02_L:8;DNge078_L:7;DNp13_R:6;DNge132_R:6;DNg20_R:6;DNpe056_R:2;DNp34_L:2;DNge104_L:1
BM_Hau:left,mech_bristle,left,5,100,1,0,0,0,0,0,0,0,0,0,0,0,0,0,0,0,0,0,0,0,0,0,0,0,75,24,0,0,2,2,2,3,2,2,3,2,3,3,2,2,
BM_Hau:left,mech_bristle,left,5,200,1,0.7,0.7,0,1.0,0,0,0,0,0,0,0,0,2.0,2.0,2.0,0,0,0,0,0,0,0,0,140,39,0,0,2,2,2,3,2,2,3,2,3,3,2,2,DNge067_L:107;DNge100_L:99;DNg31_R:93;DNge067_R:78;DNg85_L:70;DNg96_R:66;DNg16_R:58;DNge040_R:54;DNg48_R:53;DNg75_R:51;DNg16_L:46;DNge100_R:43;DNge036_L:43;DNg31_L:42;DNg23_L:37;DNge125_R:33;DNg61_L:32;DNge057_R:31;DNge056_R:31;DNge046_R:30
BM_Hau:right,mech_bristle,right,5,100,1,0,0,0,0,0,0,0,0,0,0,0,0,0,0,0,0,0,0,0,0,0,0,0,12,1.0,0,0,2,2,2,3,2,2,3,2,3,3,2,2,
BM_Hau:right,mech_bristle,right,5,200,1,0,0,0,0,0,0,0,0,0,0,0,0,0,0,0,0,0,0,0,0,0,0,0,41,10,0,0,2,2,2,3,2,2,3,2,3,3,2,2,DNge067_R:59;DNge100_R:28;DNg96_L:27;DNg31_L:27;DNg48_L:24;DNg85_R:22;DNg61_R:14;DNge037_R:12;DNge067_L:11;DNp55_R:9;DNge056_L:9;DNge036_R:7;DNg16_R:5;DNge037_L:4;DNg16_L:4;DNge125_L:2;DNge100_L:1;DNge046_R:1;DNge046_L:1;DNge040_R:1
BM_InOc:left,mech_bristle,left,3,100,1,0,0,0,0,0,0,0,0,0,0,0,0,0,0,0,0,0,0,0,0,0,0,0,9.5,0.5,0,0,2,2,2,2,2,2,3,3,3,3,2,3,
BM_InOc:left,mech_bristle,left,3,200,1,0,0,0,0,0,0,0,0,0,0,0,0,0,0,0,0,0,0,0,0,0,0,0,27,4.5,0,0,2,2,2,2,2,2,3,3,3,3,2,3,DNg84_L:28;DNg35_L:20;DNge132_L:17;DNge122_L:12;DNp55_L:9;DNp13_L:5;DNpe056_L:1
BM_InOc:right,mech_bristle,right,3,100,1,0,0,0,0,0,0,0,0,0,0,0,0,0,0,0,0,0,0,0,0,0,0,0,7.0,0,0,0,2,2,2,2,2,2,3,3,2,3,2,3,
BM_InOc:right,mech_bristle,right,3,200,1,0,0,0,0,0,0,0,0,0,0,0,0,0,0,0,0,0,0,0,0,0,0,0,17,4.0,0,0,2,2,2,2,2,2,3,3,2,3,2,3,DNg84_R:17;DNge122_L:12;DNge132_R:11;DNg84_L:10;DNg35_L:10;DNg35_R:4
BM_InOm:left,mech_bristle,left,555,100,1,0.3,0,0,3.5,0,0,0,2.1,0,0,3.0,0,4.0,0,0,1.0,0,0,0,0,0,0,0,280,58,0,0,2,2,2,2,1,2,3,3,3,3,2,3,
BM_InOm:left,mech_bristle,left,555,200,1,1.7,0,0,0,0,0,0,5.1,0,0,0,0,0,0,0,5.0,0,0,0,0,0,0,0,373,73,0,0,2,2,2,2,1,2,3,3,3,3,2,3,DNg84_L:234;DNg35_L:203;DNge132_L:200;DNg87_L:182;DNge104_R:154;DNg85_L:142;DNge054_L:134;DNg15_R:129;DNg81_R:128;DNge122_R:125;DNge011_L:116;DNde006_L:116;DNge067_L:115;DNg62_R:110;DNg48_R:108;DNge039_L:94;DNge133_L:93;DNge105_L:91;DNg83_L:91;DNg57_L:86
BM_InOm:right,mech_bristle,right,558,100,1,0,0,0.5,0,0,0,0,2.2,0,0,0,1.0,0,0,0,0,0,0,0,0,0,0,0,274,46,10,0,2,2,2,2,1,2,3,3,2,3,2,3,
BM_InOm:right,mech_bristle,right,558,200,1,0,0.7,0,0,0,0.5,0,3.2,0,0,0,0,0,0,0,0,2.0,0,0,0,0.5,0,0,415,65,0,0,2,2,2,2,1,2,3,3,2,3,2,3,DNg84_R:221;DNg35_R:202;DNge132_R:191;DNg87_R:177;DNge104_L:146;DNge122_L:136;DNg85_R:130;DNg81_L:130;DNge011_R:127;DNge054_R:124;DNge067_R:117;DNg48_L:101;DNg62_L:99;DNge121_R:91;DNg83_R:88;DNde006_R:88;DNge122_R:87;DNg58_R:86;DNge124_R:84;DNge105_R:83
BM_MaPa:left,mech_bristle,left,14,100,1,0,0,0,0,0,0,0,0,0,0,0,0,0,0,0,0,0,0,0,0,0,0,0,79,24,0,0,2,2,2,3,1,2,3,2,3,3,2,3,
BM_MaPa:left,mech_bristle,left,14,200,1,0,0,0,2.0,0,0,0,0,0,0,0,0,4.0,0,0,0,0,0,0,0,0,0,0,116,30,0,0,2,2,2,3,1,2,3,2,3,3,2,3,DNg48_R:112;DNg57_L:92;DNge104_R:77;DNge100_L:68;DNg31_R:67;DNg96_R:61;DNg85_L:61;DNge056_R:58;DNge121_L:55;DNge037_R:45;DNge040_R:44;DNge036_L:44;DNg75_R:43;DNge065_L:40;DNge121_R:38;DNp13_L:35;DNge037_L:35;DNg84_L:35;DNp55_L:29;DNge132_L:17
BM_MaPa:right,mech_bristle,right,10,100,1,0,0,0,0,0,0,0,0,0,0,0,0,0,0,0,0,0,0,0,0,0,0,0,9.0,1.5,0,0,2,2,2,3,2,2,3,2,2,3,2,3,
BM_MaPa:right,mech_bristle,right,10,200,1,0,0,0,0,0,0,0,0,0,0,0,0,0,0,0,0,0,0,0,0,0,0,0,19,4.5,0,0,2,2,2,3,2,2,3,2,2,3,2,3,DNg48_L:50;DNp55_R:37;DNg57_R:28;DNge056_L:15;DNge104_L:9;DNge037_R:4;DNp13_R:3;DNpe056_R:1;DNp34_L:1;DNg85_R:1
BM_Or:left,mech_bristle,left,3,100,1,0,0,0,0,0,0,0,0,0,0,0,0,0,0,0,0,0,0,0,0,0,0,0,23,5.5,0,0,2,2,2,2,2,2,2,2,2,3,2,3,
BM_Or:left,mech_bristle,left,3,200,1,0,0,0.5,0,0,0,0,0,0,0,0,1.0,0,0,0,0,0,0,0,0,0,0,0,58,10,0,0,2,2,2,2,2,2,2,2,2,3,2,3,DNg35_L:79;DNg84_L:69;DNge132_L:48;DNge122_R:47;DNge054_L:35;DNg81_R:29;DNge122_L:26;DNg20_L:21;DNg15_R:16;DNde006_L:9;DNae007_L:7;DNg35_R:3;DNa03_L:1;DNa02_L:1
BM_Or:right,mech_bristle,right,3,100,1,0,0,0,0,0,0,0,0,0,0,0,0,0,0,0,0,0,0,0,0,0,0,0,26,7.5,0,0,2,2,2,2,1,2,3,2,2,3,2,3,
BM_Or:right,mech_bristle,right,3,200,1,0,0,0.5,0,0,0,0,0,0,0,0,1.0,0,0,0,0,0,0,0,0,0,0,0,54,9.0,0,0,2,2,2,2,1,2,3,2,2,3,2,3,DNg35_R:77;DNg84_R:67;DNge122_L:63;DNge132_R:54;DNg81_L:40;DNge122_R:31;DNge054_R:31;DNg20_R:25;DNg15_L:15;DNp55_R:1;DNae002_L:1;DNa16_L:1;DNa15_L:1;DNa03_L:1;DNa02_L:1
BM_Taste:left,mech_bristle,left,35,100,1,0,0,0,0,0,0,0,0,0,0,0,0,0,0,0,0,0,0,0,0,0,0,0,204,45,0,0,2,2,2,3,2,1,2,2,3,3,2,2,
BM_Taste:left,mech_bristle,left,35,200,1,0,0,0,0,0,0,0,0.0,0,0,0,0,0,0,0,0,0,0,0,0,0,0,0,270,60,0,0,2,2,2,3,2,1,2,2,3,3,2,2,DNge036_L:230;DNg37_R:187;DNg85_L:185;DNg48_R:181;DNge067_L:149;DNg15_R:133;DNg35_L:130;DNge057_R:129;DNge055_L:118;DNge065_L:115;DNge055_R:114;DNge056_R:102;DNg37_L:101;DNg23_L:100;DNg54_L:99;DNge002_L:97;DNg54_R:97;DNg61_L:93;DNge100_L:89;DNge037_L:45
BM_Taste:right,mech_bristle,right,37,100,1,0,0,0,0,0,0,0,0,0,0,0,0,0,0,0,0,0,0,0,0,0,0,0,48,11,0,0,2,2,2,3,2,2,3,2,2,3,2,2,
BM_Taste:right,mech_bristle,right,37,200,1,0,0,2.0,0,0,0,0,0,0,0,0,4.0,0,0,0,0,0,0,0,0,0,0,0,124,22,0,0,2,2,2,3,2,2,3,2,2,3,2,2,DNge036_R:104;DNg85_R:93;DNg48_L:81;DNg37_L:64;DNge067_R:62;DNg15_L:57;DNge037_R:44;DNge055_L:43;DNge037_L:42;DNge065_R:39;DNp55_R:36;DNge055_R:34;DNg35_R:27;DNge057_L:23;DNp13_R:16;DNg61_R:16;DNge132_R:13;DNge100_R:10;DNpe056_R:6;DNp34_L:6
BM_Vib:left,mech_bristle,left,18,100,1,0,0,0,0,0,0,0,0,0,0,0,0,0,0,0,0,0,0,0,0,0,0,0,134,23,0,0,2,2,2,2,1,2,2,2,2,3,2,2,
BM_Vib:left,mech_bristle,left,18,200,1,0.7,0,0,4.0,0,0,0,0,2.5,0,7.0,0,1.0,0,0,2.0,0,0,0,0,0,0,0,249,49,0,0,2,2,2,2,1,2,2,2,2,3,2,2,DNg84_L:136;DNg85_L:133;DNg15_R:130;DNg37_R:110;DNge065_L:105;DNge128_L:102;DNge037_L:101;DNg57_L:95;DNge056_R:90;DNge104_R:82;DNg59_L:76;DNge041_L:74;DNg48_R:73;DNge065_R:68;DNg15_L:62;DNg81_R:61;DNge132_L:52;DNg81_L:49;DNpe002_L:46;DNge133_L:22
BM_Vib:right,mech_bristle,right,19,100,1,0,0,2.0,0,0,0,0,0,0,0,0,4.0,0,0,0,0,0,0,0,0,0,0,0,108,16,0,0,2,2,2,2,2,2,3,2,2,3,2,2,
BM_Vib:right,mech_bristle,right,19,200,1,0,0,4.5,0,0,0,0,0,0,0,0,9.0,0,0,0,0,0,0,0,0,0,0,0,180,38,0,0,2,2,2,2,2,2,3,2,2,3,2,2,DNg85_R:113;DNg84_R:102;DNge065_R:84;DNg57_R:84;DNg15_L:82;DNg15_R:77;DNge128_R:69;DNge041_R:66;DNg37_L:65;DNge037_R:61;DNge065_L:54;DNge104_L:53;DNg81_L:49;DNg59_R:49;DNge056_L:45;DNge128_L:37;DNg48_L:36;DNg59_L:25;DNge011_R:24;DNge105_R:12
BM_Vt_PoOc:left,mech_bristle,left,5,100,1,0,0,0,0,0,0,0,0,0,0,0,0,0,0,0,0,0,0,0,0,0,0,0,24,6.0,0,0,2,2,2,2,1,2,3,2,2,3,2,3,
BM_Vt_PoOc:left,mech_bristle,left,5,200,1,0,0,0,0,0,0,0,0,0,0,0,0,0,0,0,0,0,0,0,0,0,0,0,52,8.5,0,0,2,2,2,2,1,2,3,2,2,3,2,3,DNg35_L:96;DNge132_L:62;DNge122_L:53;DNg84_L:51;DNge122_R:48;DNg35_R:18;DNg15_R:14;DNge044_L:12;DNp55_L:8;DNg81_R:8;DNg87_L:3;DNde006_L:3;DNg73_R:1
BM_Vt_PoOc:right,mech_bristle,right,5,100,1,0,0,0.5,0,0,0,0,0,0,0,0,1.0,0,0,0,0,0,0,0,0,0,0,0,46,7.0,0,0,2,2,2,2,2,2,3,3,2,3,2,3,
BM_Vt_PoOc:right,mech_bristle,right,5,200,1,0,0,2.5,0,0,0,0,0,0,0,0,5.0,0,0,0,0,0,0,0,0,0,0,0,104,10,0,0,2,2,2,2,2,2,3,3,2,3,2,3,DNg35_R:125;DNge132_R:88;DNge122_L:87;DNg84_R:83;DNge122_R:51;DNg15_L:41;DNg81_L:31;DNge044_R:21;DNp55_R:19;DNg35_L:14;DNge067_R:9;DNae002_L:5;DNa16_L:5;DNa15_L:5;DNpe056_R:3;DNp34_L:3;DNp13_R:3;DNge012_R:3;DNa03_L:3;DNa02_L:3
BM_dOcci:left,mech_bristle,left,3,100,1,0,0,0,0,0,0,0,0,0,0,0,0,0,0,0,0,0,0,0,0,0,0,0,4.0,1.0,0,0,2,3,2,3,1,2,3,3,3,4,1,3,
BM_dOcci:left,mech_bristle,left,3,200,1,0,0,0,0,0,0,0,0,0,0,0,0,0,0,0,0,0,0,0,0,0,0,0,7.0,1.0,0,0,2,3,2,3,1,2,3,3,3,4,1,3,DNg59_L:42;DNg59_R:6
BM_dOcci:right,mech_bristle,right,3,100,1,0,0,0,0,0,0,0,0,0,0,0,0,0,0,0,0,0,0,0,0,0,0,0,4.0,1.0,0,0,2,3,2,3,1,2,3,3,2,4,2,3,
BM_dOcci:right,mech_bristle,right,3,200,1,0,0,0,0,0,0,0,0,0,0,0,0,0,0,0,0,0,0,0,0,0,0,0,6.0,1.0,0,0,2,3,2,3,1,2,3,3,2,4,2,3,DNg59_R:44
BM_dPoOr:left,mech_bristle,left,4,100,1,0,0,0,0,0,0,0,0,0,0,0,0,0,0,0,0,0,0,0,0,0,0,0,4.0,2.0,0,0,2,2,2,3,1,2,3,3,3,3,2,3,
BM_dPoOr:left,mech_bristle,left,4,200,1,0,0,0,0,0,0,0,0,0,0,0,0,0,0,0,0,0,0,0,0,0,0,0,22,3.0,0,0,2,2,2,3,1,2,3,3,3,3,2,3,DNg35_L:58;DNge132_L:38;DNge121_L:17;DNp55_L:3;DNg84_L:3
BM_dPoOr:right,mech_bristle,right,8,100,1,0,0,1.5,0,0,0,0,0,0,0,0,3.0,0,0,0,0,0,0,0,0,0,0,0,41,3.0,0,0,2,3,2,3,1,2,3,3,2,3,2,3,
BM_dPoOr:right,mech_bristle,right,8,200,1,0,0,3.5,0,0,0,0,0,0,0,0,7.0,0,0,0,0,0,0,0,0,0,0,0,68,7.5,0,0,2,3,2,3,1,2,3,3,2,3,2,3,DNg35_R:79;DNge132_R:66;DNp55_R:40;DNp13_R:30;DNpe056_R:17;DNp34_L:16;DNg87_R:13;DNg84_R:11;DNa03_L:8;DNa16_L:7;DNa15_L:7;DNa02_L:7;DNae002_L:6;DNge121_R:2
BM_vOcci_vPoOr:left,mech_bristle,left,27,100,1,0,0,0,0,0,0,0,0.3,0,0,0,0,0,0,0,0,0,0,0,0,0,0,0,52,16,0,0,2,2,2,2,1,2,3,2,3,3,2,3,
BM_vOcci_vPoOr:left,mech_bristle,left,27,200,1,0,0,0,0,0,0,0,1.4,0,0,0,0,0,0,0,0,0,0,0,0,0,0,0,100,32,0,0,2,2,2,2,1,2,3,2,3,3,2,3,DNg48_R:111;DNge132_L:75;DNg59_L:61;DNg35_L:55;DNg85_L:54;DNge104_R:49;DNg83_R:49;DNge056_R:41;DNge037_L:41;DNg83_L:39;DNg59_R:39;DNge036_L:36;DNp13_L:35;DNge037_R:34;DNp55_L:32;DNge121_L:27;DNge067_L:21;DNge027_R:21;DNg84_L:21;DNge025_L:9
BM_vOcci_vPoOr:right,mech_bristle,right,25,100,1,0,0,3.0,0,0,0,0,0,0,0,0,6.0,0,0,0,0,0,0,0,0,0,0,0,60,9.0,0,0,2,2,2,3,1,2,2,2,2,3,2,3,
BM_vOcci_vPoOr:right,mech_bristle,right,25,200,1,0,0,0.5,0,0,0,0,0.8,0,0,0,1.0,0,0,0,0,0,0,0,0,0,0,0,92,16,0,0,2,2,2,3,1,2,2,2,2,3,2,3,DNg48_L:109;DNge132_R:69;DNg59_R:66;DNg85_R:45;DNp55_R:42;DNp13_R:37;DNg84_R:33;DNg59_L:26;DNg87_R:24;DNpe056_R:22;DNp34_L:21;DNge104_L:21;DNg83_R:19;DNge067_R:17;DNg83_L:14;DNge124_R:8;DNg12_e_R:8;DNa03_L:8;DNa16_L:7;DNa15_L:7
BM_all:left,mech_bristle,left,705,100,1,0,0,5.5,1.5,0,0,0,5.2,0,0,3.0,11,0,0,0,0,0,0,0,0,0,0,0,618,117,980,0,2,2,2,2,1,1,2,2,2,2,1,2,
BM_all:left,mech_bristle,left,705,200,1,0,0,12,1.0,0,1.0,0,12,0,0,2.0,24,0,0,0,0,0,0,0,0,1.0,0,0,918,163,1970,0,2,2,2,2,1,1,2,2,2,2,1,2,DNg84_L:271;DNg35_L:263;DNg15_R:252;DNge132_L:251;DNg85_L:247;DNg48_R:246;DNge036_L:233;DNg87_L:219;DNg37_R:204;DNge104_R:198;DNge067_L:197;DNge133_L:184;DNge054_L:180;DNg81_R:177;DNge056_R:175;DNg57_L:171;DNge122_R:168;DNge065_L:167;DNg59_L:166;DNge100_L:78
BM_all:right,mech_bristle,right,712,100,1,0,0,0,0,0,0,0,2.5,0,0,0,0,0,0,0,0,0,0,0,0,0,0,0,478,84,0,0,2,2,2,2,1,2,2,2,2,2,2,2,
BM_all:right,mech_bristle,right,712,200,1,0,0,0,1.5,0,1.0,0,7.5,0,0,0,0,3.0,0,0,0,0,0,0,0,1.0,0,0,749,128,0,0,2,2,2,2,1,2,2,2,2,2,2,2,DNg84_R:257;DNg35_R:256;DNge132_R:237;DNg15_L:220;DNg87_R:217;DNg85_R:197;DNg48_L:188;DNge122_L:184;DNg81_L:181;DNge104_L:178;DNge054_R:169;DNge067_R:150;DNg57_R:149;DNge133_R:147;DNg15_R:147;DNge011_R:144;DNge122_R:136;DNg59_R:135;DNge121_R:130;DNg20_R:127
TPMN1:left,mech_other,left,33,100,1,0,0,0,0,0,0,0,0,21,0,0,0,0,0,0,0,0,0,0,0,0,0,0,164,8.5,0,0,2,2,2,3,2,2,3,3,3,4,2,2,
TPMN1:left,mech_other,left,33,200,1,0,0,0,0,0,0,0,0,1.0,0,0,0,0,0,0,0,0,0,0,0,0,0,0,182,16,0,0,2,2,2,3,2,2,3,3,3,4,2,2,DNge023_L:51;DNg47_L:40;DNg28_L:34;DNg31_R:31;DNge023_R:30;DNge003_R:29;DNge101_L:28;DNge146_L:27;DNge031_L:24;DNge146_R:17;DNg28_R:17;DNge036_R:13;DNge003_L:13;DNg31_L:13;DNge051_R:8;DNg38_R:5;DNge076_R:4;DNde002_L:4;DNge174_L:2;DNge173_L:2
TPMN1:right,mech_other,right,30,100,1,0.3,0.3,0,0,0,0,0,0,12,0,0,0,0,1.0,1.0,0,0,0,0,0,0,0,0,162,8.5,0,0,2,2,2,3,2,2,3,3,4,4,3,2,
TPMN1:right,mech_other,right,30,200,1,0,0,0,0.5,0,0,0,0,40,0,0,0,1.0,0,0,0,0,0,0,0,0,0,0,244,20,0,0,2,2,2,3,2,2,3,3,4,4,3,2,DNge023_R:52;DNge031_R:44;DNg31_L:30;DNge023_L:29;DNge059_L:28;DNge101_R:25;DNge059_R:23;DNge042_R:23;DNge051_L:20;DNge080_L:17;DNge051_R:17;DNg31_R:14;DNde002_R:14;DNge007_R:12;DNge125_R:10;DNge106_L:10;DNge031_L:8;DNg38_L:8;DNg16_R:8;DNge106_R:7
TPMN2:left,mech_other,left,6,100,1,0,0,0,0,0,0,0,0,0,0,0,0,0,0,0,0,0,0,0,0,0,0,0,30,0,0,0,3,3,3,3,2,2,3,3,4,4,2,2,
TPMN2:left,mech_other,left,6,200,1,0,0,0,0,0,0,0,0,0,0,0,0,0,0,0,0,0,0,0,0,0,0,0,46,1.0,0,0,3,3,3,3,2,2,3,3,4,4,2,2,DNg54_R:27;DNge037_L:7;DNg54_L:6;DNge036_L:4;DNge037_R:3
TPMN2:right,mech_other,right,6,100,1,0,0,0,0,0,0,0,0,0,0,0,0,0,0,0,0,0,0,0,0,0,0,0,14,0,0,0,2,3,2,3,2,2,3,3,4,4,2,3,
TPMN2:right,mech_other,right,6,200,1,0,0,0,0,0,0,0,0,0,0,0,0,0,0,0,0,0,0,0,0,0,0,0,22,0,0,0,2,3,2,3,2,2,3,3,4,4,2,3,DNg54_L:6
aPhM:left,mech_other,left,24,100,1,0,0,0,0,0,0,0,0,0,0,0,0,0,0,0,0,0,0,0,0,0,0,0,160,6.0,0,0,2,2,2,3,2,2,3,3,4,4,2,2,
aPhM:left,mech_other,left,24,200,1,0,0,0,0,0,0,0,0,0,0,0,0,0,0,0,0,0,0,0,0,0,0,0,232,6.5,0,0,2,2,2,3,2,2,3,3,4,4,2,2,DNg61_L:47;DNge055_L:38;DNg61_R:38;DNge055_R:36;DNge056_R:10;DNge037_L:10;DNge076_L:9;DNge146_L:7;DNge056_L:6;DNge037_R:4;DNge036_L:4;DNge003_R:4;DNg35_R:4;DNg23_L:4;DNge059_R:3;DNge059_L:2;DNg35_L:2;DNg28_R:2;DNge003_L:1;DNg38_R:1
aPhM:right,mech_other,right,23,100,1,0,0,0,0,0,0,0,0,0,0,0,0,0,0,0,0,0,0,0,0,0,0,0,130,6.0,0,0,2,2,2,3,2,1,3,3,4,3,2,1,
aPhM:right,mech_other,right,23,200,1,0,0,0,0,0,0,0,0,0,0,0,0,0,0,0,0,0,0,0,0,0,0,0,190,6.5,0,0,2,2,2,3,2,1,3,3,4,3,2,1,DNg61_R:46;DNge055_L:44;DNg61_L:43;DNge055_R:40;DNge146_R:15;DNge056_R:11;DNge056_L:9;DNg35_L:9;DNge076_R:6;DNge076_L:6;DNge003_L:5;DNge059_L:4;DNg35_R:4;DNge059_R:3;DNge057_L:3;DNge037_R:3;DNge003_R:2;DNge057_R:1;DNge037_L:1;DNge036_L:1
mech_unassigned:left,mech_other,left,13,100,1,0,0,0,0,0,0,0,0.3,100,0,0,0,0,0,0,0,0,0,0,0,0,0,0,126,22,1990,0,2,2,2,2,1,2,2,2,2,3,1,2,
mech_unassigned:left,mech_other,left,13,200,1,0,0,0,0,0,0,0,3.0,110,0,0,0,0,0,0,0,0,0,0,0,0,0,0,317,55,1930,0,2,2,2,2,1,2,2,2,2,3,1,2,DNge078_R:94;DNge022_L:94;DNge022_R:93;DNg87_L:87;DNge137_L:62;DNde006_L:62;DNge038_R:60;DNge132_L:58;DNg35_L:52;DNg87_R:51;DNge038_L:49;DNge027_L:45;DNge078_L:42;DNge039_L:42;DNg62_R:40;DNge044_R:39;DNge137_R:35;DNg48_R:34;DNge039_R:33;DNg80_R:18
mech_unassigned:right,mech_other,right,12,100,1,0,0,0,0,0,0,0,0,0,0,0,0,0,0,0,0,0,0,0,0,0,0,0,33,6.0,0,0,2,2,2,3,1,2,3,2,2,3,2,2,
mech_unassigned:right,mech_other,right,12,200,1,0,0,0,0,0,0,0,1.8,82,0,0,0,0,0,0,0,0,0,0,0,0,0,0,223,35,1930,0,2,2,2,3,1,2,3,2,2,3,2,2,DNg35_R:86;DNge022_R:79;DNg87_R:70;DNge132_R:67;DNge078_L:67;DNge022_L:61;DNge044_R:48;DNge137_L:43;DNge038_R:42;DNge038_L:41;DNge039_R:38;DNg80_L:38;DNg62_L:36;DNg48_L:33;DNge011_R:31;DNge078_R:30;DNg87_L:30;DNge027_R:29;DNge012_R:28;DNge027_L:13
GRN_sugar_water:left,gustatory,left,67,100,0,0,0,0,0,0,0,0,0,90,0,0,0,0,0,0,0,0,0,0,0,0,0,0,394,48,560,0,2,2,2,2,2,2,3,3,3,4,2,2,
GRN_sugar_water:left,gustatory,left,67,200,0,0,0,0,0,0,0,0,0,95,0,0,0,0,0,0,0,0,0,0,0,0,0,0,438,50,610,0,2,2,2,2,2,2,3,3,3,4,2,2,DNge031_L:153;DNg67_L:141;DNge059_L:116;DNge059_R:110;DNg67_R:106;DNpe030_L:100;DNg103_R:92;DNg103_L:85;DNpe030_R:81;DNge106_L:77;DNge042_L:75;DNge023_L:71;DNge051_R:69;DNge051_L:68;DNg31_L:63;DNp44_L:62;DNge065_L:62;DNg35_L:34;DNge080_R:30;DNge080_L:30
GRN_sugar_water:right,gustatory,right,62,100,0,0,0,18,2.5,0,0,0,0,20,8.0,5.0,27,0,0,0,0,0,0,0,0,0,0,0,8390,108,474500,1,2,2,2,2,2,2,3,3,3,3,3,2,
GRN_sugar_water:right,gustatory,right,62,200,0,0,0,30,5.0,0,0,0,0,56,12,10,47,0,0,0,0,0,0,0,0,0,0,0,8515,137,474440,1,2,2,2,2,2,2,3,3,3,3,3,2,DNb05_L:189;DNb05_R:172;DNge037_R:97;DNge037_L:93;DNg35_R:92;DNp31_R:91;DNp31_L:84;DNp32_L:83;DNbe007_L:81;DNge031_R:78;DNbe007_R:75;DNg67_R:74;DNc01_R:73;DNg56_R:72;DNpe002_R:67;DNge101_R:67;DNp12_R:65;DNpe002_L:64;DNp05_R:64;DNg31_R:31
GRN_bitter:left,gustatory,left,32,100,0,0,0,0,0,0,0,0,0,0,0,0,0,0,0,0,0,0,0,0,0,0,0,0,45,1.5,0,0,2,2,2,2,2,2,3,3,3,3,3,2,
GRN_bitter:left,gustatory,left,32,200,0,7.3,11,12,2.0,0,0,0,0,0,10,2.0,15,2.0,15,15,7.0,18,0,0,0,0,0,0,627,26,6990,0,2,2,2,2,2,2,3,3,3,3,3,2,DNge067_L:45;DNpe007_L:44;DNpe007_R:41;DNge053_L:26;DNge053_R:23;DNge067_R:21;DNg97_R:18;DNg35_R:18;DNg13_L:18;DNbe007_R:16;DNb05_R:16;DNg100_R:15;DNg100_L:15;DNbe007_L:15;DNg84_R:14;DNge121_L:12;DNa02_L:10;DNae002_L:8;DNg16_R:7;DNg16_L:7
GRN_bitter:right,gustatory,right,33,100,0,0,0,0,0,0,0,0,0,0,0,0,0,0,0,0,0,0,0,0,0,0,0,0,20,1.0,0,0,2,2,2,3,2,2,3,3,3,3,3,3,
GRN_bitter:right,gustatory,right,33,200,0,4.7,7.0,13,3.0,0,0,0,0,0,10,4.0,16,2.0,9.0,9.0,5.0,12,0,0,0,0,0,0,4361,46,242980,1,2,2,2,3,2,2,3,3,3,3,3,3,DNpe007_R:45;DNb05_R:44;DNb05_L:44;DNg35_R:33;DNge053_L:28;DNbe007_R:27;DNbe007_L:26;DNg13_L:25;DNge053_R:22;DNge037_L:20;DNg111_L:19;DNge037_R:18;DNp31_R:15;DNge067_R:14;DNg56_R:14;DNa02_L:14;DNp42_R:13;DNp32_L:13;DNp31_L:13;DNp05_R:13
GRN_low-salt:left,gustatory,left,9,100,0,0,0,0,0,0,0,0,0,6.0,0,0,0,0,0,0,0,0,0,0,0,0,0,0,178,4.5,0,0,2,2,3,3,2,2,3,3,3,4,3,3,
GRN_low-salt:left,gustatory,left,9,200,0,0,0,0,0,0,0,0,0,5.5,0,0,0,0,0,0,0,0,0,0,0,0,0,0,214,9.0,110,0,2,2,3,3,2,2,3,3,3,4,3,3,DNg28_L:42;DNg103_L:38;DNg103_R:20;DNg28_R:18;DNge173_L:17;DNg47_L:14;DNge101_L:11;DNge174_L:8;DNge042_L:7;DNg96_L:7;DNge031_L:6;DNge003_L:6;DNge042_R:4;DNg35_L:4;DNge173_R:3;DNge031_R:3;DNge023_L:3;DNg96_R:3;DNge003_R:2;DNg38_R:2
GRN_low-salt:right,gustatory,right,10,100,0,0,0,0,0,0,0,0,0,7.5,0,0,0,0,0,0,0,0,0,0,0,0,0,0,225,8.5,0,0,2,2,2,3,2,2,3,3,3,4,3,3,
GRN_low-salt:right,gustatory,right,10,200,0,0,0,0,0,0,0,0,0,4.5,0,0,0,0,0,0,0,0,0,0,0,0,0,0,204,11,0,0,2,2,2,3,2,2,3,3,3,4,3,3,DNg28_R:36;DNg28_L:30;DNg103_R:18;DNge173_R:14;DNge003_R:13;DNge174_R:11;DNge173_L:10;DNge003_L:9;DNg103_L:9;DNge023_R:7;DNge042_L:6;DNge031_L:6;DNge101_L:5;DNg96_L:5;DNge174_L:4;DNg47_L:4;DNge042_R:3;DNge031_R:3;DNg96_R:3;DNge036_R:2
GRN_taste_peg:left,gustatory,left,36,100,0,0,0,0,0,0,0,0,0,13,0,0,0,0,0,0,0,0,0,0,0,0,0,0,100,6.0,0,0,3,3,3,3,2,2,3,3,3,4,2,2,
GRN_taste_peg:left,gustatory,left,36,200,0,0,0,0,0,0,0,0,0,6.5,0,0,0,0,0,0,0,0,0,0,0,0,0,0,136,10,0,0,3,3,3,3,2,2,3,3,3,4,2,2,DNg48_R:89;DNge023_L:68;DNg47_L:39;DNge031_L:38;DNge023_R:30;DNg38_L:29;DNge101_L:26;DNg31_R:22;DNge146_R:14;DNde002_L:12;DNge146_L:8;DNg28_L:4;DNge051_R:4;DNg31_L:3;DNge036_R:1;DNg60_R:1;DNg60_L:1;DNg35_L:1;DNg28_R:1
GRN_taste_peg:right,gustatory,right,35,100,0,0,0,0,0,0,0,0,0,19,0,0,0,0,0,0,0,0,0,0,0,0,0,0,134,6.0,0,0,2,3,3,3,2,2,3,3,3,4,3,3,
GRN_taste_peg:right,gustatory,right,35,200,0,0,0,0,0,0,0,0,0,40,0,0,0,0,0,0,0,0,0,0,0,0,0,0,226,23,0,0,2,3,3,3,2,2,3,3,3,4,3,3,DNge023_R:59;DNg48_L:36;DNge059_R:34;DNge059_L:33;DNge031_R:28;DNg38_R:27;DNge051_R:23;DNge042_R:18;DNge007_R:18;DNge051_L:17;DNge031_L:17;DNge023_L:17;DNg38_L:17;DNge080_R:16;DNge101_R:15;DNg31_L:15;DNde002_R:14;DNge106_L:13;DNge080_L:7;DNge106_R:6
GRN_pharyngeal:left,gustatory,left,24,100,0,1.0,4.7,10,3.5,0,0,0,0,16,10,2.0,10,5.0,1.0,1.0,2.0,13,0,0,0,0,0,0,940,32,7990,0,2,2,2,2,2,2,3,3,3,4,3,2,
GRN_pharyngeal:left,gustatory,left,24,200,0,0,2.3,22,2.0,0,0,0,0,17,13,2.0,30,2.0,0,0,0,7.0,0,0,0,0,0,0,1062,44,233310,1,2,2,2,2,2,2,3,3,3,4,3,2,DNg28_L:54;DNg68_L:44;DNpe049_R:42;DNge053_L:36;DNpe049_L:35;DNa02_L:30;DNge053_R:28;DNge031_L:27;DNge042_L:26;DNg96_L:26;DNg84_R:26;DNg35_R:26;DNbe007_R:24;DNg31_L:23;DNbe007_L:23;DNge101_L:13;DNg28_R:13;DNb05_R:13;DNae002_L:12;DNge173_L:11
GRN_pharyngeal:right,gustatory,right,26,100,0,1.3,3.3,9.0,4.5,0,0,0,0,18,10,5.0,8.0,4.0,1.0,1.0,3.0,9.0,0,0,0,0,0,0,3990,34,239990,1,2,2,2,3,2,2,3,3,3,4,3,2,
GRN_pharyngeal:right,gustatory,right,26,200,0,1.0,3.3,16,5.5,0,0,0,0,5.0,10,3.0,21,8.0,1.0,1.0,2.0,9.0,0,0,0,0,0,0,1020,32,5260,0,2,2,2,3,2,2,3,3,3,4,3,2,DNg28_R:45;DNg28_L:42;DNpe049_L:42;DNge053_L:42;DNge053_R:33;DNg35_R:32;DNbe007_L:28;DNg84_R:27;DNbe007_R:27;DNb05_R:26;DNb05_L:22;DNge057_R:21;DNa02_L:21;DNg13_L:19;DNpe049_R:17;DNg104_L:17;DNg68_L:16;DNg68_R:10;DNae002_L:9;DNge037_R:8
"GRN_LB1a,LB1d:left",gustatory,left,8,100,0,0,0,0,0,0,0,0,0,0,0,0,0,0,0,0,0,0,0,0,0,0,0,0,4.5,0,0,0,2,2,2,2,2,2,3,3,3,3,3,4,
"GRN_LB1a,LB1d:left",gustatory,left,8,200,0,0,0,0,0,0,0,0,0,0,0,0,0,0,0,0,0,0,0,0,0,0,0,0,13,2.0,0,0,2,2,2,2,2,2,3,3,3,3,3,4,DNge067_L:20;DNp42_L:13;DNge121_L:5;DNge067_R:1
"GRN_LB1a,LB1d:right",gustatory,right,9,100,0,0,0,0,0,0,0,0,0,0,0,0,0,0,0,0,0,0,0,0,0,0,0,0,1.0,0,0,0,2,2,2,3,2,2,3,3,3,3,4,4,
"GRN_LB1a,LB1d:right",gustatory,right,9,200,0,0,0,0,0,0,0,0,0,0,0,0,0,0,0,0,0,0,0,0,0,0,0,0,8.0,2.0,0,0,2,2,2,3,2,2,3,3,3,3,4,4,DNp42_R:25;DNge067_R:18
GRN_LB1b:left,gustatory,left,3,100,0,0,0,0,0,0,0,0,0,0,0,0,0,0,0,0,0,0,0,0,0,0,0,0,9.0,0,0,0,3,3,3,3,2,2,4,4,4,3,4,4,
GRN_LB1b:left,gustatory,left,3,200,0,0,0,0,0,0,0,0,0,0,0,0,0,0,0,0,0,0,0,0,0,0,0,0,18,0,0,0,3,3,3,3,2,2,4,4,4,3,4,4,
GRN_LB1b:right,gustatory,right,4,100,0,0,0,0,0,0,0,0,0,0,0,0,0,0,0,0,0,0,0,0,0,0,0,0,7.0,0,0,0,2,2,2,3,2,2,3,4,3,4,3,3,
GRN_LB1b:right,gustatory,right,4,200,0,0,0,0,0,0,0,0,0,0,0,0,0,0,0,0,0,0,0,0,0,0,0,0,16,0,0,0,2,2,2,3,2,2,3,4,3,4,3,3,
GRN_LB1c:left,gustatory,left,10,100,0,0,0,0,0,0,0,0,0,0,0,0,0,0,0,0,0,0,0,0,0,0,0,0,10,0,0,0,2,2,2,3,2,2,3,3,3,3,3,2,
GRN_LB1c:left,gustatory,left,10,200,0,0,0,0,0,0,0,0,0,0,0,0,0,0,0,0,0,0,0,0,0,0,0,0,37,3.0,0,0,2,2,2,3,2,2,3,3,3,3,3,2,DNpe007_R:26;DNpe049_L:22;DNpe007_L:14;DNge067_L:4
GRN_LB1c:right,gustatory,right,8,100,0,0,0,0,0,0,0,0,0,0,0,0,0,0,0,0,0,0,0,0,0,0,0,0,3.5,0,0,0,2,2,2,3,2,2,3,3,4,4,4,3,
GRN_LB1c:right,gustatory,right,8,200,0,0,0,0,0,0,0,0,0,0,0,0,0,0,0,0,0,0,0,0,0,0,0,0,8.5,1.5,0,0,2,2,2,3,2,2,3,3,4,4,4,3,DNpe007_R:27;DNpe049_R:9
GRN_LB1e:left,gustatory,left,11,100,0,0,0,0,0,0,0,0,0,0,0,0,0,0,0,0,0,0,0,0,0,0,0,0,8.0,0,0,0,2,2,3,3,2,3,4,4,4,4,3,4,
GRN_LB1e:left,gustatory,left,11,200,0,2.0,2.0,0.5,1.0,0,0,0,0,0,1.0,1.0,0,1.0,3.0,3.0,3.0,3.0,0,0,0,0,0,0,244,1.0,0,0,2,2,3,3,2,3,4,4,4,4,3,4,DNge053_R:5;DNge053_L:5;DNg13_R:4;DNg97_R:3;DNg97_L:3;DNg84_R:3;DNg35_R:3;DNg16_R:3;DNg13_L:3;DNg100_R:3;DNg100_L:3;DNbe007_R:3;DNbe007_L:3;DNb05_R:3;DNb05_L:3;DNge037_R:2;DNge018_R:2;DNg96_R:2;DNg75_R:2;DNg16_L:2
GRN_LB1e:right,gustatory,right,12,100,0,0,0,0,0,0,0,0,0,0,0,0,0,0,0,0,0,0,0,0,0,0,0,0,9.0,0,0,0,2,2,3,3,2,2,4,3,3,4,3,3,
GRN_LB1e:right,gustatory,right,12,200,0,5.3,9.0,8.5,0,0,0,0,0,0,7.0,0,10,0,11,11,5.0,16,0,0,0,0,0,0,514,15,5660,0,2,2,3,3,2,2,4,3,3,4,3,3,DNge053_L:29;DNge053_R:26;DNg35_R:19;DNg97_R:16;DNg84_R:16;DNg13_L:15;DNbe007_R:15;DNbe007_L:14;DNb05_R:14;DNg16_R:13;DNb05_L:13;DNg100_R:11;DNg100_L:11;DNae002_L:10;DNa02_L:10;DNg16_L:8;DNg111_L:8;DNge018_R:4;DNg96_L:4;DNg13_R:4
GRN_LB2a-b:left,gustatory,left,4,100,0,0,0,0,0,0,0,0,0,0,0,0,0,0,0,0,0,0,0,0,0,0,0,0,8.5,0,0,0,3,3,3,3,2,2,3,4,3,4,3,3,
GRN_LB2a-b:left,gustatory,left,4,200,0,0,0,0,0.5,0,0,0,0,3.0,0,1.0,0,0,0,0,0,0,0,0,0,0,0,0,62,0,0,0,3,3,3,3,2,2,3,4,3,4,3,3,DNge042_L:3;DNge031_L:3;DNge125_L:2;DNge042_R:2;DNge031_R:2;DNg96_R:2;DNg96_L:2;DNg16_R:2;DNg16_L:2;DNg105_L:2;DNp44_L:1;DNge173_R:1;DNge173_L:1;DNge125_R:1;DNge123_R:1;DNge101_L:1;DNge062_R:1;DNge062_L:1;DNge059_R:1;DNge059_L:1
GRN_LB2a-b:right,gustatory,right,4,100,0,0,0,0,0,0,0,0,0,0,0,0,0,0,0,0,0,0,0,0,0,0,0,0,1.5,0,0,0,3,3,3,3,2,2,3,3,3,4,3,3,
GRN_LB2a-b:right,gustatory,right,4,200,0,0,0,0,0,0,0,0,0,0,0,0,0,0,0,0,0,0,0,0,0,0,0,0,22,0,0,0,3,3,3,3,2,2,3,3,3,4,3,3,DNge042_L:4;DNge031_L:4;DNg96_L:4;DNg28_R:0
GRN_LB2c:left,gustatory,left,3,100,0,0,0,0,0,0,0,0,0,0,0,0,0,0,0,0,0,0,0,0,0,0,0,0,15,0,0,0,2,2,3,3,2,2,3,3,3,4,3,3,
GRN_LB2c:left,gustatory,left,3,200,0,0,0,0,0,0,0,0,0,0,0,0,0,0,0,0,0,0,0,0,0,0,0,0,40,0,0,0,2,2,3,3,2,2,3,3,3,4,3,3,
GRN_LB2c:right,gustatory,right,4,100,0,0,0,0,0,0,0,0,0,0,0,0,0,0,0,0,0,0,0,0,0,0,0,0,12,0,0,0,2,3,2,3,2,2,3,3,3,4,3,3,
GRN_LB2c:right,gustatory,right,4,200,0,0,0,0,0,0,0,0,0,0,0,0,0,0,0,0,0,0,0,0,0,0,0,0,20,0,0,0,2,3,2,3,2,2,3,3,3,4,3,3,
GRN_LB2d:left,gustatory,left,3,100,0,0,0,0,0,0,0,0,0,0,0,0,0,0,0,0,0,0,0,0,0,0,0,0,1.0,0,0,0,3,3,2,3,2,3,3,4,4,4,4,3,
GRN_LB2d:left,gustatory,left,3,200,0,0,0,0,0,0,0,0,0,0,0,0,0,0,0,0,0,0,0,0,0,0,0,0,4.0,0,0,0,3,3,2,3,2,3,3,4,4,4,4,3,
GRN_LB2d:right,gustatory,right,4,100,0,0,0,0,0,0,0,0,0,0,0,0,0,0,0,0,0,0,0,0,0,0,0,0,0,0,0,0,3,3,3,3,2,2,4,4,3,4,4,4,
GRN_LB2d:right,gustatory,right,4,200,0,0,0,0,0,0,0,0,0,0,0,0,0,0,0,0,0,0,0,0,0,0,0,0,0,0,0,0,3,3,3,3,2,2,4,4,3,4,4,4,
GRN_LB3:left,gustatory,left,64,100,0,0,0,0,0,0,0,0,0,89,0,0,0,0,0,0,0,0,0,0,0,0,0,0,387,47,0,0,2,2,2,2,2,2,3,3,3,4,2,2,
GRN_LB3:left,gustatory,left,64,200,0,0,0,0,0,0,0,0,0,88,0,0,0,0,0,0,0,0,0,0,0,0,0,0,436,49,120,0,2,2,2,2,2,2,3,3,3,4,2,2,DNge031_L:149;DNg67_L:139;DNge059_L:107;DNg67_R:106;DNpe030_L:102;DNge059_R:99;DNg103_R:93;DNg103_L:86;DNpe030_R:81;DNge106_L:71;DNge051_R:70;DNge042_L:70;DNge023_L:70;DNge051_L:66;DNg31_L:64;DNp44_L:63;DNge065_L:61;DNg35_L:60;DNge101_L:32;DNge080_R:30
GRN_LB3:right,gustatory,right,58,100,0,0,0,32,5.0,0,0,0,0,14,13,9.0,50,1.0,0,0,0,0,0,0,0,0,0,0,8456,120,474990,1,2,2,2,2,2,2,3,3,3,3,3,2,
GRN_LB3:right,gustatory,right,58,200,0,0,0,32,3.5,0,0,0,0,43,15,6.0,49,1.0,0,0,0,0,0,0,0,0,0,0,8539,132,481470,1,2,2,2,2,2,2,3,3,3,3,3,2,DNb05_L:192;DNb05_R:164;DNge037_R:96;DNg35_R:96;DNge037_L:93;DNbe007_L:86;DNp32_L:83;DNp31_R:82;DNbe007_R:80;DNp31_L:78;DNg67_R:75;DNc01_R:74;DNge031_R:72;DNg56_R:72;DNge101_R:69;DNpe002_L:66;DNp12_R:66;DNpe002_R:64;DNp05_R:62;DNge041_L:31
GRN_LB4a:left,gustatory,left,2,100,0,0,0,0,0.5,0,0,0,0,7.5,0,1.0,0,0,0,0,0,0,0,0,0,0,0,0,172,3.5,20,0,2,2,3,3,3,2,3,3,3,4,3,3,
GRN_LB4a:left,gustatory,left,2,200,0,0,0,0,0,0,0,0,0,28,0,0,0,0,0,0,0,0,0,0,0,0,0,0,274,22,230,0,2,2,3,3,3,2,3,3,3,4,3,3,DNg103_L:37;DNg28_L:32;DNge031_L:27;DNge042_L:22;DNge059_R:21;DNge059_L:20;DNg96_L:20;DNg103_R:20;DNge031_R:18;DNge173_L:15;DNge042_R:15;DNge106_L:14;DNg105_L:13;DNge062_L:12;DNg96_R:12;DNge101_L:10;DNg47_L:10;DNge125_R:6;DNge174_L:5;DNge007_R:5
GRN_LB4a:right,gustatory,right,2,100,0,0,0,0,0.5,0,0,0,0,22,0,1.0,0,0,0,0,0,0,0,0,0,0,0,0,255,14,30,0,3,2,3,3,3,3,4,3,3,4,3,3,
GRN_LB4a:right,gustatory,right,2,200,0,0,0,0,0,0,0,0,0,35,0,0,0,0,0,0,0,0,0,0,0,0,0,0,300,28,0,0,3,2,3,3,3,3,4,3,3,4,3,3,DNge031_L:38;DNge042_L:36;DNg96_L:32;DNge031_R:29;DNge059_R:26;DNge042_R:26;DNge059_L:25;DNg96_R:24;DNg28_R:22;DNg28_L:19;DNg105_L:19;DNg103_R:19;DNge173_L:15;DNge101_L:14;DNge125_R:13;DNge106_L:13;DNge173_R:12;DNge174_R:11;DNge125_L:9;DNg103_L:9
GRN_claw_tpGRN:left,gustatory,left,31,100,0,0,0,0,0,0,0,0,0,4.0,0,0,0,0,0,0,0,0,0,0,0,0,0,0,50,2.5,0,0,3,3,3,3,2,2,3,3,3,4,2,2,
GRN_claw_tpGRN:left,gustatory,left,31,200,0,0,0,0,0,0,0,0,0,3.0,0,0,0,0,0,0,0,0,0,0,0,0,0,0,90,8.0,0,0,3,3,3,3,2,2,3,3,3,4,2,2,DNg48_R:89;DNge023_L:62;DNg47_L:31;DNg38_L:20;DNge031_L:19;DNge101_L:18;DNge023_R:18;DNge146_R:9;DNde002_L:9;DNge146_L:4;DNg31_R:4;DNge036_R:1
GRN_claw_tpGRN:right,gustatory,right,29,100,0,0,0,0,0,0,0,0,0,4.5,0,0,0,0,0,0,0,0,0,0,0,0,0,0,58,1.0,0,0,2,3,3,3,2,2,3,3,3,4,3,3,
GRN_claw_tpGRN:right,gustatory,right,29,200,0,0,0,0,0,0,0,0,0,16,0,0,0,0,0,0,0,0,0,0,0,0,0,0,111,7.5,0,0,2,3,3,3,2,2,3,3,3,4,3,3,DNge023_R:46;DNg48_L:39;DNge031_R:13;DNg38_R:10;DNge101_R:9;DNge059_L:9;DNge059_R:8;DNge042_R:8;DNde002_R:8;DNg75_R:6;DNge031_L:5;DNge023_L:5;DNg16_R:5;DNge051_R:4;DNge042_L:4;DNge007_R:4;DNg16_L:4;DNg96_L:3;DNge125_R:2;DNge106_R:2
GRN_dorsal_tpGRN:left,gustatory,left,5,100,0,0,0,0,0,0,0,0,0,0,0,0,0,0,0,0,0,0,0,0,0,0,0,0,24,0,0,0,3,3,3,3,2,2,3,3,4,5,3,3,
GRN_dorsal_tpGRN:left,gustatory,left,5,200,0,0.3,0.3,0,0,0,0,0,0,22,0,0,0,0,1.0,1.0,0,0,0,0,0,0,0,0,140,7.5,0,0,3,3,3,3,2,2,3,3,4,5,3,3,DNge023_L:23;DNge031_L:20;DNge023_R:15;DNge059_L:13;DNge059_R:12;DNge042_L:11;DNg96_L:11;DNge080_R:9;DNge125_L:7;DNg47_L:7;DNg31_R:6;DNge101_L:5;DNge062_L:4;DNg35_L:4;DNge106_L:3;DNge125_R:2;DNge080_L:2;DNge051_R:2;DNge042_R:2;DNge040_R:2
GRN_dorsal_tpGRN:right,gustatory,right,6,100,0,0,0,0,0,0,0,0,0,0,0,0,0,0,0,0,0,0,0,0,0,0,0,0,26,0,0,0,3,3,3,3,2,2,3,3,4,4,3,3,
GRN_dorsal_tpGRN:right,gustatory,right,6,200,0,0,0,0,0,0,0,0,0,2.0,0,0,0,0,0,0,0,0,0,0,0,0,0,0,60,2.0,0,0,3,3,3,3,2,2,3,3,4,4,3,3,DNge023_R:29;DNge173_R:18;DNde002_R:2;DNge174_R:1;DNge051_R:1
ORN_D:both,olfactory,both,31,100,0,0,0,36,4.5,0,0,0,0.0,0,20,9.0,51,0,0,0,0,0,0,0,0,0,0,0,8233,112,478060,1,2,2,3,3,3,3,3,3,4,4,4,4,
ORN_D:both,olfactory,both,31,200,0,0.3,0.7,42,3.5,0,0,0,0,0.5,23,6.0,62,1.0,1.0,1.0,0,1.0,0,0,0,0,0,0,8235,112,477780,1,2,2,3,3,3,3,3,3,4,4,4,4,DNb05_L:202;DNb05_R:180;DNge037_R:105;DNge037_L:99;DNg35_R:99;DNp31_R:90;DNbe007_L:88;DNp32_L:87;DNbe007_R:83;DNp31_L:80;DNc01_R:80;DNg56_R:77;DNp05_R:74;DNg35_L:74;DNg13_L:74;DNp12_R:71;DNpe002_R:69;DNpe002_L:68;DNge041_L:68;DNa02_L:34
ORN_DA1:both,olfactory,both,126,100,0,1.7,2.3,40,3.0,0,0,0,0.0,0,23,6.0,58,0,5.0,6.0,0,1.0,0,0,0,0,0,0,8286,114,473810,1,2,3,3,2,3,3,3,3,3,4,3,3,
ORN_DA1:both,olfactory,both,126,200,0,0.3,1.7,38,5.0,0,0,0,0.0,0,21,8.0,56,2.0,1.0,2.0,0,3.0,0,0,0,0,0,0,8334,112,481220,1,2,3,3,2,3,3,3,3,3,4,3,3,DNb05_L:205;DNb05_R:182;DNge037_R:110;DNge037_L:105;DNg35_R:101;DNbe007_L:94;DNp32_L:89;DNp31_R:86;DNbe007_R:83;DNp31_L:81;DNpe002_R:80;DNc01_R:80;DNg56_R:77;DNpe002_L:76;DNge041_L:74;DNp05_R:73;DNg13_L:72;DNp12_R:71;DNg111_L:69;DNg35_L:36
ORN_DA2:both,olfactory,both,39,100,0,0,0,30,3.5,0,0,0,0.0,0,17,6.0,43,1.0,0,0,0,0,0,0,0,0,0,0,8250,112,468770,1,3,3,3,3,3,3,4,4,4,4,4,4,
ORN_DA2:both,olfactory,both,39,200,0,1.0,1.0,34,5.5,0,0,0,0.0,0.5,20,10,47,1.0,3.0,3.0,0,0,0,0,0,0,0,0,8242,115,473060,1,3,3,3,3,3,3,4,4,4,4,4,4,DNb05_L:197;DNb05_R:171;DNge037_R:96;DNge037_L:93;DNp31_R:91;DNg35_R:90;DNbe007_L:87;DNp32_L:84;DNp31_L:83;DNbe007_R:81;DNc01_R:78;DNg56_R:76;DNg35_L:70;DNp12_R:68;DNg13_L:68;DNp05_R:67;DNpe002_L:66;DNg111_L:65;DNpe002_R:64;DNge041_L:32
ORN_DA3:both,olfactory,both,30,100,0,0.3,1.0,27,1.5,0,0,0,0,0,19,3.0,35,0,1.0,1.0,0,2.0,0,0,0,0,0,0,8224,106,475900,1,3,3,3,3,3,3,4,4,4,4,4,4,
ORN_DA3:both,olfactory,both,30,200,0,0,1.0,33,2.5,0,0,0,0.0,0,19,5.0,47,0,0,0,0,3.0,0,0,0,0,0,0,8251,114,477770,1,3,3,3,3,3,3,4,4,4,4,4,4,DNb05_L:190;DNb05_R:178;DNg35_R:98;DNge037_R:96;DNge037_L:92;DNp31_R:87;DNp32_L:86;DNbe007_R:84;DNp31_L:79;DNg56_R:78;DNbe007_L:77;DNc01_R:75;DNp12_R:70;DNpe002_R:69;DNg35_L:69;DNpe002_L:68;DNp05_R:68;DNg13_L:65;DNge041_L:61;DNg111_L:61
ORN_DA4l:both,olfactory,both,40,100,0,0.7,0.7,32,2.5,0,0,0,0.0,0,17,4.0,47,1.0,1.0,1.0,1.0,1.0,0,0,0,0,0,0,8258,112,483210,1,2,3,3,3,3,3,4,4,4,4,4,4,
ORN_DA4l:both,olfactory,both,40,200,0,0,0.7,34,3.5,0,0,0,0,0,18,7.0,50,0,0,0,0,2.0,0,0,0,0,0,0,8276,113,476820,1,2,3,3,3,3,3,4,4,4,4,4,4,DNb05_L:195;DNb05_R:176;DNge037_R:98;DNge037_L:95;DNg35_R:95;DNp31_R:85;DNbe007_L:85;DNp32_L:84;DNbe007_R:81;DNp31_L:77;DNc01_R:76;DNg56_R:74;DNg35_L:71;DNpe002_L:70;DNp12_R:68;DNg13_L:68;DNpe002_R:67;DNp05_R:67;DNge041_L:65;DNp56_R:61
ORN_DA4m:both,olfactory,both,40,100,0,0,0.7,34,4.0,0,0,0,0.0,0,24,5.0,43,3.0,0,0,0,2.0,0,0,0,0,0,0,8242,110,473400,1,3,3,3,3,3,3,4,4,4,4,4,4,
ORN_DA4m:both,olfactory,both,40,200,0,0,0,35,4.0,0,0,0,0,0,22,8.0,48,0,0,0,0,0,0,0,0,0,0,0,8212,114,471330,1,3,3,3,3,3,3,4,4,4,4,4,4,DNb05_L:202;DNb05_R:178;DNge037_R:99;DNg35_R:97;DNge037_L:96;DNp31_R:88;DNp32_L:86;DNp31_L:86;DNbe007_L:84;DNbe007_R:82;DNc01_R:78;DNg56_R:75;DNg35_L:73;DNp05_R:72;DNg13_L:71;DNp12_R:69;DNpe002_R:68;DNpe002_L:68;DNg111_L:64;DNge041_L:63
ORN_DC1:both,olfactory,both,39,100,0,0,0,32,3.0,0,0,0,0.0,0,13,5.0,51,1.0,0,0,0,0,0,0,0,0,0,0,8255,112,481310,1,3,3,3,3,3,3,3,3,4,4,4,4,
ORN_DC1:both,olfactory,both,39,200,0,0,0,38,2.5,0,0,0,0.1,0,21,5.0,56,0,0,0,0,0,0,0,0,0,0,0,8252,112,473040,1,3,3,3,3,3,3,3,3,4,4,4,4,DNb05_L:207;DNb05_R:181;DNge037_R:102;DNge037_L:98;DNg35_R:95;DNp31_R:89;DNp32_L:88;DNbe007_R:87;DNbe007_L:87;DNp31_L:82;DNc01_R:81;DNg56_R:79;DNpe002_L:73;DNg35_L:73;DNp05_R:72;DNpe002_R:71;DNp12_R:70;DNge041_L:68;DNge054_R:64;DNg13_L:36
ORN_DC2:both,olfactory,both,20,100,0,0,0.7,34,4.5,0,0,0,0.1,0,19,9.0,48,0,0,0,0,2.0,0,0,0,0,0,0,8279,114,472980,1,2,2,3,3,2,3,4,4,4,4,4,4,
ORN_DC2:both,olfactory,both,20,200,0,0.3,0.3,34,3.5,0,0,0,0.0,0,17,7.0,51,0,1.0,1.0,0,0,0,0,0,0,0,0,8249,112,475700,1,2,2,3,3,2,3,4,4,4,4,4,4,DNb05_L:201;DNb05_R:173;DNge037_R:102;DNg35_R:99;DNge037_L:98;DNp31_R:92;DNbe007_L:87;DNp32_L:86;DNp31_L:83;DNbe007_R:82;DNc01_R:79;DNg56_R:77;DNp05_R:72;DNg35_L:72;DNpe002_R:70;DNp12_R:69;DNpe002_L:67;DNg13_L:67;DNge041_L:62;DNp56_R:32
ORN_DC3:both,olfactory,both,33,100,0,0.7,1.0,34,3.0,0,0,0,0,0,18,6.0,49,0,2.0,2.0,0,1.0,0,0,0,0,0,0,8274,114,472480,1,2,3,3,2,3,3,4,4,4,4,4,4,
ORN_DC3:both,olfactory,both,33,200,0,0.3,0.3,34,4.5,0,0,0,0.0,0,16,8.0,52,1.0,1.0,1.0,0,0,0,0,0,0,0,0,8311,112,476020,1,2,3,3,2,3,3,4,4,4,4,4,4,DNb05_L:203;DNb05_R:182;DNge037_R:102;DNge037_L:98;DNg35_R:95;DNp31_R:93;DNp32_L:89;DNbe007_R:87;DNbe007_L:87;DNp31_L:83;DNg56_R:79;DNc01_R:79;DNg35_L:75;DNpe002_R:71;DNp05_R:71;DNg13_L:71;DNpe002_L:70;DNp12_R:70;DNp56_R:61;DNge041_L:32
ORN_DC4:both,olfactory,both,22,100,0,0.3,0.7,32,5.0,0,0,0,0.0,0,17,8.0,47,2.0,0,0,1.0,2.0,0,0,0,0,0,0,8295,110,474010,1,2,3,3,3,2,3,3,3,3,3,4,4,
ORN_DC4:both,olfactory,both,22,200,0,0.7,1.0,35,3.0,0,0,0,0,0,19,6.0,51,0,1.0,1.0,1.0,2.0,0,0,0,0,0,0,8305,113,478850,1,2,3,3,3,2,3,3,3,3,3,4,4,DNb05_L:201;DNb05_R:173;DNge037_R:101;DNge037_L:98;DNg35_R:97;DNp32_L:89;DNp31_R:87;DNp31_L:85;DNbe007_L:84;DNc01_R:79;DNbe007_R:79;DNg56_R:75;DNg13_L:72;DNp05_R:71;DNp12_R:69;DNpe002_R:68;DNpe002_L:67;DNg35_L:67;DNge041_L:65;DNg111_L:62
ORN_DL1:both,olfactory,both,69,100,0,0.3,0.7,38,5.5,0,0,0,0,0,23,11,53,0,1.0,1.0,0,1.0,0,0,0,0,0,0,8272,112,476390,1,2,3,3,3,2,3,4,4,4,4,4,4,
ORN_DL1:both,olfactory,both,69,200,0,0,1.3,38,2.5,0,0,0,0,0,27,4.0,49,1.0,0,0,0,4.0,0,0,0,0,0,0,8344,114,474500,1,2,3,3,3,2,3,4,4,4,4,4,4,DNb05_L:206;DNb05_R:176;DNge037_R:102;DNg35_R:102;DNge037_L:96;DNp32_L:90;DNbe007_L:90;DNp31_L:87;DNbe007_R:86;DNp31_R:83;DNc01_R:80;DNg56_R:78;DNg13_L:76;DNg35_L:73;DNp12_R:71;DNp05_R:71;DNpe002_R:68;DNpe002_L:68;DNge101_L:65;DNge041_L:35
ORN_DL2d:both,olfactory,both,14,100,0,0,0.7,36,3.0,0,0,0,0,0,24,6.0,48,0,0,0,0,2.0,0,0,0,0,0,0,8254,114,474110,1,2,3,3,3,3,3,3,3,4,4,4,4,
ORN_DL2d:both,olfactory,both,14,200,0,0,0,35,3.0,0,0,0,0,0,19,5.0,51,1.0,0,0,0,0,0,0,0,0,0,0,8268,115,471990,1,2,3,3,3,3,3,3,3,4,4,4,4,DNb05_L:205;DNb05_R:180;DNge037_R:101;DNg35_R:99;DNge037_L:97;DNp32_L:90;DNp31_R:89;DNbe007_L:89;DNp31_L:85;DNc01_R:80;DNbe007_R:78;DNg56_R:76;DNp12_R:72;DNp05_R:72;DNg35_L:72;DNpe002_L:70;DNg13_L:68;DNpe002_R:67;DNg111_L:65;DNge041_L:64
ORN_DL2v:both,olfactory,both,18,100,0,0,0,34,4.0,0,0,0,0,0,16,8.0,51,0,0,0,0,0,0,0,0,0,0,0,8272,115,474940,1,2,3,3,3,3,3,3,3,4,4,4,4,
ORN_DL2v:both,olfactory,both,18,200,0,0.7,1.3,35,3.5,0,0,0,0.0,0,22,7.0,48,0,2.0,2.0,0,2.0,0,0,0,0,0,0,8270,112,475330,1,2,3,3,3,3,3,3,3,4,4,4,4,DNb05_L:201;DNb05_R:174;DNge037_R:104;DNge037_L:99;DNg35_R:98;DNp32_L:87;DNp31_R:87;DNbe007_L:86;DNp31_L:84;DNbe007_R:82;DNc01_R:80;DNg56_R:78;DNg13_L:74;DNg35_L:73;DNp05_R:72;DNpe002_L:71;DNp12_R:71;DNpe002_R:68;DNge041_L:63;DNg111_L:32
ORN_DL3:both,olfactory,both,79,100,0,0,0,32,5.5,0,0,0,0.0,0,18,11,46,0,0,0,0,0,0,0,0,0,0,0,8248,113,475260,1,3,3,3,3,3,3,4,4,4,4,4,4,
ORN_DL3:both,olfactory,both,79,200,0,0,0.3,30,5.0,0,0,0,0.0,0,13,9.0,48,1.0,0,0,0,1.0,0,0,0,0,0,0,8274,112,477320,1,3,3,3,3,3,3,4,4,4,4,4,4,DNb05_L:204;DNb05_R:175;DNge037_R:103;DNge037_L:96;DNg35_R:96;DNp31_R:90;DNbe007_L:90;DNp32_L:89;DNp31_L:83;DNbe007_R:82;DNc01_R:78;DNg56_R:75;DNg35_L:74;DNp12_R:70;DNpe002_R:69;DNg13_L:69;DNpe002_L:67;DNp05_R:67;DNge041_L:64;DNg111_L:64
ORN_DL4:both,olfactory,both,52,100,0,0,0,37,3.0,0,0,0,0,0.5,26,5.0,48,1.0,0,0,0,0,0,0,0,0,0,0,8253,112,470510,1,3,3,3,3,3,4,4,4,4,4,4,4,
ORN_DL4:both,olfactory,both,52,200,0,0.3,0.3,32,3.5,0,0,0,0.1,0,18,7.0,47,0,1.0,1.0,0,0,0,0,0,0,0,0,8260,114,477070,1,3,3,3,3,3,4,4,4,4,4,4,4,DNb05_L:204;DNb05_R:177;DNge037_R:102;DNp31_R:96;DNge037_L:96;DNg35_R:96;DNp31_L:88;DNp32_L:87;DNbe007_R:87;DNbe007_L:84;DNc01_R:78;DNg56_R:77;DNp12_R:71;DNpe002_R:70;DNg35_L:70;DNpe002_L:68;DNp05_R:67;DNge041_L:66;DNg13_L:66;DNg111_L:62
ORN_DL5:both,olfactory,both,42,100,0,0,0.3,33,2.5,0,0,0,0.0,0,20,5.0,46,0,0,0,0,1.0,0,0,0,0,0,0,8239,111,474820,1,2,2,3,3,3,3,4,4,4,4,4,4,
ORN_DL5:both,olfactory,both,42,200,0,0,1.0,33,3.0,0,0,0,0.1,0,22,6.0,44,0,0,0,0,3.0,0,0,0,0,0,0,8248,112,483670,1,2,2,3,3,3,3,4,4,4,4,4,4,DNb05_L:205;DNb05_R:179;DNge037_R:98;DNg35_R:98;DNge037_L:97;DNp31_R:96;DNp32_L:88;DNp31_L:87;DNbe007_L:85;DNc01_R:81;DNbe007_R:81;DNg56_R:80;DNg35_L:77;DNp12_R:74;DNp05_R:71;DNpe002_R:70;DNpe002_L:70;DNg13_L:69;DNge041_L:63;DNg111_L:33
ORN_DM1:both,olfactory,both,68,100,0,0,0,38,3.5,0,0,0,0.0,0,22,7.0,54,0,0,0,0,0,0,0,0,0,0,0,8276,111,478760,1,2,2,3,2,3,3,3,3,4,3,4,4,
ORN_DM1:both,olfactory,both,68,200,0,0,0,38,4.0,0,0,0,0.0,0,21,8.0,55,0,0,0,0,0,0,0,0,0,0,0,8326,113,475750,1,2,2,3,2,3,3,3,3,4,3,4,4,DNb05_L:205;DNb05_R:175;DNge037_R:106;DNg35_R:98;DNge037_L:96;DNp32_L:91;DNp31_R:90;DNbe007_R:84;DNbe007_L:83;DNp31_L:82;DNc01_R:82;DNg56_R:80;DNp05_R:73;DNg35_L:72;DNpe002_R:71;DNp12_R:71;DNg13_L:69;DNpe002_L:68;DNge041_L:66;DNg111_L:34
ORN_DM2:both,olfactory,both,54,100,0,0.7,0.7,35,4.0,0,0,0,0.0,0,20,8.0,50,0,2.0,2.0,0,0,0,0,0,0,0,0,8278,112,479400,1,2,2,3,3,3,3,3,3,4,4,4,4,
ORN_DM2:both,olfactory,both,54,200,0,0,0,36,3.0,0,0,0,0.0,0,19,6.0,53,0,0,0,0,0,0,0,0,0,0,0,8315,114,475500,1,2,2,3,3,3,3,3,3,4,4,4,4,DNb05_L:206;DNb05_R:177;DNge037_R:101;DNge037_L:97;DNg35_R:97;DNp31_R:93;DNp32_L:90;DNbe007_L:89;DNp31_L:87;DNbe007_R:82;DNc01_R:80;DNg56_R:79;DNg35_L:74;DNg13_L:72;DNpe002_L:71;DNp05_R:71;DNpe002_R:70;DNp12_R:69;DNge041_L:66;DNg111_L:66
ORN_DM3:both,olfactory,both,61,100,0,0.3,1.3,37,2.5,0,0,0,0.0,0,25,5.0,49,0,1.0,1.0,0,3.0,0,0,0,0,0,0,8292,112,467710,1,3,3,3,3,3,3,4,4,4,4,4,4,
ORN_DM3:both,olfactory,both,61,200,0,0,0,35,6.0,0,0,0,0.0,0,21,10,49,2.0,0,0,0,0,0,0,0,0,0,0,8267,114,479030,1,3,3,3,3,3,3,4,4,4,4,4,4,DNb05_L:201;DNb05_R:174;DNge037_R:101;DNge037_L:100;DNg35_R:98;DNp32_L:88;DNp31_R:87;DNp31_L:87;DNbe007_L:85;DNc01_R:81;DNg56_R:79;DNbe007_R:78;DNp05_R:71;DNg13_L:70;DNpe002_L:69;DNp12_R:69;DNg35_L:69;DNpe002_R:67;DNge041_L:63;DNg111_L:59
ORN_DM4:both,olfactory,both,40,100,0,0,0.3,39,4.0,0,0,0,0.0,0,23,8.0,55,0,0,0,0,1.0,0,0,0,0,0,0,8296,114,473090,1,3,3,3,3,3,3,4,4,4,3,4,4,
ORN_DM4:both,olfactory,both,40,200,0,0,0.3,36,2.5,0,0,0,0.0,0,20,5.0,51,0,0,0,0,1.0,0,0,0,0,0,0,8290,112,476130,1,3,3,3,3,3,3,4,4,4,3,4,4,DNb05_L:206;DNb05_R:186;DNge037_R:101;DNge037_L:100;DNg35_R:100;DNp32_L:91;DNp31_R:89;DNbe007_L:86;DNp31_L:84;DNbe007_R:84;DNg56_R:83;DNc01_R:80;DNg35_L:75;DNpe002_R:73;DNp05_R:73;DNg13_L:72;DNpe002_L:70;DNp12_R:69;DNge041_L:66;DNge054_R:33
ORN_DM5:both,olfactory,both,42,100,0,0,0,32,5.5,0,0,0,0,0,14,11,51,0,0,0,0,0,0,0,0,0,0,0,8248,112,471740,1,2,3,3,3,3,3,4,4,4,4,4,4,
ORN_DM5:both,olfactory,both,42,200,0,0,0,32,4.0,0,0,0,0.0,0,15,7.0,50,1.0,0,0,0,0,0,0,0,0,0,0,8298,112,473420,1,2,3,3,3,3,3,4,4,4,4,4,4,DNb05_L:203;DNb05_R:171;DNge037_R:101;DNge037_L:101;DNg35_R:96;DNp32_L:88;DNp31_L:87;DNbe007_L:87;DNp31_R:85;DNbe007_R:83;DNc01_R:78;DNg35_L:74;DNg56_R:73;DNpe002_L:71;DNp12_R:69;DNg13_L:69;DNp05_R:68;DNpe002_R:67;DNge041_L:62;DNg111_L:32
ORN_DM6:both,olfactory,both,52,100,0,1.0,1.7,34,5.0,0,0,0,0.0,0,20,10,48,0,3.0,3.0,0,2.0,0,0,0,0,0,0,8258,114,479200,1,2,3,3,3,3,3,4,4,4,4,4,4,
ORN_DM6:both,olfactory,both,52,200,0,0.3,0.3,39,2.5,0,0,0,0.0,0,19,5.0,59,0,1.0,1.0,0,0,0,0,0,0,0,0,8276,112,474880,1,2,3,3,3,3,3,4,4,4,4,4,4,DNb05_L:205;DNb05_R:180;DNge037_R:101;DNge037_L:96;DNg35_R:96;DNp32_L:90;DNp31_R:90;DNbe007_L:90;DNp31_L:88;DNbe007_R:84;DNg56_R:80;DNc01_R:80;DNg35_L:71;DNp12_R:70;DNp05_R:70;DNpe002_L:68;DNpe002_R:65;DNge041_L:64;DNg13_L:64;DNg111_L:34
ORN_DP1l:both,olfactory,both,24,100,0,0,0,34,6.0,0,0,0,0.0,0.5,19,12,48,0,0,0,0,0,0,0,0,0,0,0,8249,114,471740,1,3,3,3,3,3,3,3,3,4,3,4,4,
ORN_DP1l:both,olfactory,both,24,200,0,0.3,1.0,34,4.5,0,0,0,0.0,0.5,19,8.0,50,1.0,1.0,1.0,0,2.0,0,0,0,0,0,0,8252,114,476730,1,3,3,3,3,3,3,3,3,4,3,4,4,DNb05_L:201;DNb05_R:178;DNge037_R:103;DNg35_R:99;DNge037_L:98;DNp31_R:90;DNp32_L:89;DNp31_L:86;DNbe007_L:84;DNbe007_R:82;DNc01_R:80;DNg56_R:77;DNp05_R:76;DNg35_L:72;DNg13_L:72;DNpe002_R:69;DNp12_R:69;DNpe002_L:68;DNg111_L:63;DNge041_L:32
ORN_DP1m:both,olfactory,both,32,100,0,0,0,40,4.5,0,0,0,0.0,0,17,9.0,62,0,0,0,0,0,0,0,0,0,0,0,8263,112,471820,1,2,2,2,3,2,3,3,3,3,3,4,4,
ORN_DP1m:both,olfactory,both,32,200,0,0.3,0.7,42,5.5,0,0,0,0,0,21,10,63,1.0,1.0,1.0,0,1.0,0,0,0,0,0,0,8289,116,473040,1,2,2,2,3,2,3,3,3,3,3,4,4,DNb05_L:206;DNb05_R:180;DNge037_R:103;DNge037_L:99;DNg35_R:95;DNp31_R:93;DNp32_L:88;DNp31_L:85;DNbe007_L:85;DNbe007_R:82;DNc01_R:80;DNg56_R:77;DNg35_L:74;DNpe002_R:72;DNp05_R:71;DNpe002_L:70;DNp12_R:67;DNg13_L:67;DNge041_L:66;DNg111_L:34
ORN_V:both,olfactory,both,67,100,0,0.7,1.7,38,2.5,0,0,0,0,0,23,5.0,53,0,2.0,2.0,0,3.0,0,0,0,0,0,0,8272,114,476110,1,2,2,3,2,3,3,3,3,4,3,4,4,
ORN_V:both,olfactory,both,67,200,0,1.3,3.0,40,3.5,0,0,0,0,0,27,7.0,52,0,4.0,4.0,0,5.0,0,0,0,0,0,0,8338,112,476460,1,2,2,3,2,3,3,3,3,4,3,4,4,DNb05_L:201;DNb05_R:173;DNge037_R:99;DNg35_R:96;DNp32_L:93;DNge037_L:93;DNp31_R:90;DNp31_L:83;DNg56_R:80;DNc01_R:78;DNp12_R:76;DNbe007_L:75;DNp05_R:73;DNbe007_R:73;DNpe002_R:69;DNg13_L:66;DNge041_L:63;DNpe002_L:62;DNg35_L:62;DNg111_L:31
ORN_VA1d:both,olfactory,both,97,100,0,0,0,33,4.0,0,0,0,0.0,0,20,8.0,46,0,0,0,0,0,0,0,0,0,0,0,8235,114,475280,1,2,3,3,3,3,3,4,4,4,4,4,4,
ORN_VA1d:both,olfactory,both,97,200,0,0.7,1.3,32,5.0,0,0,0,0.0,0,21,10,42,0,2.0,2.0,0,2.0,0,0,0,0,0,0,8244,114,476860,1,2,3,3,3,3,3,4,4,4,4,4,4,DNb05_L:203;DNb05_R:181;DNge037_R:98;DNge037_L:97;DNg35_R:97;DNp32_L:87;DNp31_R:86;DNbe007_R:83;DNg56_R:79;DNc01_R:79;DNbe007_L:79;DNp31_L:78;DNp05_R:74;DNp12_R:71;DNg35_L:71;DNpe002_R:69;DNg13_L:68;DNpe002_L:67;DNp56_R:63;DNge041_L:32
ORN_VA1v:both,olfactory,both,94,100,0,0,0,36,7.0,0,0,0,0,0,18,12,54,2.0,0,0,0,0,0,0,0,0,0,0,8220,114,473910,1,2,3,3,3,3,3,3,3,3,4,3,3,
ORN_VA1v:both,olfactory,both,94,200,0,0,0,37,6.0,0,0,0,0.0,0,18,11,56,1.0,0,0,0,0,0,0,0,0,0,0,8265,113,474170,1,2,3,3,3,3,3,3,3,3,4,3,3,DNb05_L:206;DNb05_R:183;DNge037_R:104;DNge037_L:102;DNg35_R:98;DNp31_R:89;DNp31_L:89;DNbe007_L:89;DNp32_L:86;DNbe007_R:82;DNc01_R:79;DNg56_R:78;DNp05_R:74;DNg13_L:72;DNpe002_L:70;DNp12_R:70;DNpe002_R:69;DNg35_L:69;DNg111_L:69;DNge041_L:32
ORN_VA2:both,olfactory,both,67,100,0,0,0,29,6.5,0,0,0,0.0,0,16,12,42,1.0,0,0,0,0,0,0,0,0,0,0,8307,114,474320,1,2,3,3,3,3,3,4,4,4,4,4,4,
ORN_VA2:both,olfactory,both,67,200,0,0,0,42,5.0,0,0,0,0.1,0.5,23,10,60,0,0,0,0,0,0,0,0,0,0,0,8338,116,475360,1,2,3,3,3,3,3,4,4,4,4,4,4,DNb05_L:205;DNb05_R:176;DNge037_R:104;DNge037_L:99;DNg35_R:96;DNbe007_L:93;DNbe007_R:90;DNp32_L:89;DNp31_R:88;DNp31_L:84;DNc01_R:80;DNg56_R:75;DNg35_L:74;DNpe002_L:72;DNp05_R:71;DNpe002_R:69;DNp12_R:69;DNg13_L:68;DNge041_L:66;DNp56_R:32
ORN_VA3:both,olfactory,both,29,100,0,0.3,0.7,34,5.5,0,0,0,0.0,0,22,11,47,0,1.0,1.0,0,1.0,0,0,0,0,0,0,8268,112,474200,1,2,3,3,3,3,3,3,3,4,4,4,4,
ORN_VA3:both,olfactory,both,29,200,0,0,0.3,39,3.0,0,0,0,0.1,0,21,6.0,57,0,0,1.0,0,0,0,0,0,0,0,0,8314,112,475370,1,2,3,3,3,3,3,3,3,4,4,4,4,DNb05_L:201;DNb05_R:168;DNge037_R:102;DNge037_L:96;DNg35_R:96;DNbe007_L:88;DNp32_L:87;DNp31_R:86;DNp31_L:79;DNc01_R:79;DNbe007_R:78;DNg56_R:75;DNg35_L:75;DNg13_L:71;DNpe002_L:70;DNp12_R:70;DNp05_R:69;DNpe002_R:68;DNge041_L:64;DNg111_L:64
ORN_VA4:both,olfactory,both,31,100,0,0,0,32,4.5,0,0,0,0.0,0,16,7.0,47,2.0,0,0,0,0,0,0,0,0,0,0,8262,110,478800,1,3,3,3,3,3,2,3,3,3,4,4,4,
ORN_VA4:both,olfactory,both,31,200,0,0.3,0.7,38,4.5,0,0,0,0.0,0,21,9.0,55,0,1.0,1.0,0,1.0,0,0,0,0,0,0,8270,114,475910,1,3,3,3,3,3,2,3,3,3,4,4,4,DNb05_L:206;DNb05_R:180;DNge037_L:98;DNg35_R:98;DNge037_R:97;DNp31_R:91;DNp32_L:89;DNp31_L:86;DNbe007_L:85;DNbe007_R:84;DNc01_R:80;DNg56_R:78;DNg13_L:75;DNp05_R:73;DNpe002_L:71;DNp12_R:70;DNpe002_R:69;DNg35_L:69;DNg111_L:66;DNge041_L:63
ORN_VA5:both,olfactory,both,12,100,0,0.3,1.7,38,1.0,0,0,0,0.0,0,23,2.0,52,0,1.0,1.0,0,4.0,0,0,0,0,0,0,8250,106,476430,1,3,3,3,3,3,3,4,4,4,4,4,4,
ORN_VA5:both,olfactory,both,12,200,0,0.3,0.7,32,5.5,0,0,0,0.0,0,13,10,52,1.0,1.0,1.0,0,1.0,0,0,0,0,0,0,8256,112,481130,1,3,3,3,3,3,3,4,4,4,4,4,4,DNb05_L:197;DNb05_R:171;DNge037_R:100;DNg35_R:97;DNge037_L:91;DNp31_R:88;DNp32_L:83;DNp31_L:80;DNbe007_R:79;DNbe007_L:78;DNc01_R:76;DNg56_R:74;DNp05_R:70;DNp12_R:69;DNg35_L:69;DNg13_L:66;DNpe002_R:64;DNpe002_L:63;DNge041_L:63;DNp56_R:28
ORN_VA6:both,olfactory,both,60,100,0,0.3,0.7,35,3.5,0,0,0,0.0,0,21,6.0,49,1.0,1.0,1.0,0,1.0,0,0,0,0,0,0,8260,114,478330,1,2,3,3,3,3,3,3,3,4,4,4,4,
ORN_VA6:both,olfactory,both,60,200,0,0,0.3,32,4.5,0,0,0,0.1,1.0,19,7.0,44,2.0,0,0,0,1.0,0,0,0,0,0,0,8288,114,476230,1,2,3,3,3,3,3,3,3,4,4,4,4,DNb05_L:206;DNb05_R:178;DNge037_R:106;DNg35_R:99;DNge037_L:97;DNp31_R:94;DNbe007_R:93;DNp32_L:87;DNp31_L:86;DNbe007_L:82;DNc01_R:80;DNg56_R:76;DNpe002_L:73;DNp12_R:72;DNp05_R:72;DNg35_L:72;DNpe002_R:68;DNg13_L:68;DNg111_L:66;DNge054_R:32
ORN_VA7l:both,olfactory,both,16,100,0,0,0,34,2.5,0,0,0,0.1,0,23,4.0,45,1.0,0,0,0,0,0,0,0,0,0,0,8248,112,475270,1,2,3,3,3,3,3,3,3,3,3,4,4,
ORN_VA7l:both,olfactory,both,16,200,0,0.3,0.7,38,7.0,0,0,0,0,0,17,14,58,0,1.0,1.0,0,1.0,0,0,0,0,0,0,8280,113,478690,1,2,3,3,3,3,3,3,3,3,3,4,4,DNb05_L:200;DNb05_R:175;DNg35_R:98;DNge037_R:97;DNge037_L:95;DNbe007_L:87;DNp32_L:86;DNp31_R:84;DNbe007_R:82;DNp31_L:78;DNc01_R:78;DNg56_R:75;DNg35_L:71;DNp05_R:69;DNp12_R:68;DNg13_L:68;DNpe002_L:66;DNg111_L:66;DNpe002_R:65;DNge041_L:64
ORN_VA7m:both,olfactory,both,22,100,0,0.7,0,34,2.5,0,0,0,0.1,0,20,5.0,49,0,0,0,2.0,0,0,0,0,0,0,0,8226,112,470350,1,2,3,3,3,3,3,4,4,4,4,4,4,
ORN_VA7m:both,olfactory,both,22,200,0,0.3,0,34,4.5,0,0,0,0.0,0,18,8.0,50,1.0,0,0,1.0,0,0,0,0,0,0,0,8256,112,475900,1,2,3,3,3,3,3,4,4,4,4,4,4,DNb05_L:200;DNb05_R:171;DNge037_R:97;DNge037_L:96;DNg35_R:95;DNp32_L:86;DNp31_R:86;DNbe007_R:83;DNbe007_L:83;DNp31_L:82;DNc01_R:78;DNg35_L:74;DNg56_R:71;DNpe002_L:70;DNg13_L:68;DNp12_R:67;DNp05_R:67;DNpe002_R:66;DNge041_L:64;DNge101_L:31
ORN_VC1:both,olfactory,both,26,100,0,0.7,1.7,42,1.0,0,0,0,0.0,0,26,2.0,57,0,2.0,2.0,0,3.0,0,0,0,0,0,0,8278,112,475170,1,3,2,3,3,3,3,3,3,3,3,4,4,
ORN_VC1:both,olfactory,both,26,200,0,0,0.7,34,4.5,0,0,0,0.0,0,18,8.0,51,1.0,0,0,0,2.0,0,0,0,0,0,0,8278,114,474950,1,3,2,3,3,3,3,3,3,3,3,4,4,DNb05_L:204;DNb05_R:179;DNge037_R:102;DNg35_R:101;DNge037_L:93;DNc01_R:92;DNp32_L:89;DNp31_R:87;DNbe007_L:85;DNp31_L:84;DNbe007_R:81;DNg56_R:77;DNg35_L:74;DNp12_R:72;DNg13_L:72;DNp05_R:71;DNpe002_L:70;DNpe002_R:68;DNge041_L:65;DNg111_L:33
ORN_VC2:both,olfactory,both,29,100,0,0,0,38,3.0,0,0,0,0.0,0,24,5.0,53,1.0,0,0,0,0,0,0,0,0,0,0,8252,114,472780,1,2,3,3,3,3,3,4,3,4,4,4,4,
ORN_VC2:both,olfactory,both,29,200,0,0.3,0.3,37,4.0,0,0,0,0.0,0.5,21,7.0,53,1.0,1.0,1.0,0,0,0,0,0,0,0,0,8308,111,473450,1,2,3,3,3,3,3,4,3,4,4,4,4,DNb05_L:207;DNb05_R:175;DNge037_R:104;DNge037_L:96;DNg35_R:94;DNbe007_L:93;DNbe007_R:91;DNp31_R:90;DNp32_L:89;DNp31_L:84;DNg56_R:79;DNc01_R:79;DNg35_L:73;DNg13_L:73;DNp12_R:71;DNpe002_R:69;DNpe002_L:69;DNp05_R:68;DNge041_L:66;DNg111_L:64
ORN_VC3:both,olfactory,both,31,100,0,0.7,1.7,36,3.0,0,0,0,0.0,0,23,5.0,50,1.0,2.0,2.0,0,3.0,0,0,0,0,0,0,8302,110,468940,1,3,3,3,3,3,3,3,3,4,3,4,4,
ORN_VC3:both,olfactory,both,31,200,0,0.3,1.0,34,4.0,0,0,0,0.1,0.5,17,7.0,51,1.0,1.0,1.0,0,2.0,0,0,0,0,0,0,8323,114,475130,1,3,3,3,3,3,3,3,3,4,3,4,4,DNb05_L:193;DNb05_R:174;DNge037_R:99;DNg35_R:97;DNge037_L:95;DNp31_R:90;DNp31_L:89;DNbe007_R:88;DNp32_L:87;DNbe007_L:86;DNc01_R:78;DNg56_R:76;DNg35_L:72;DNp05_R:71;DNg111_L:69;DNp12_R:68;DNg13_L:66;DNpe002_L:65;DNpe002_R:64;DNp56_R:33
ORN_VC4:both,olfactory,both,23,100,0,0.3,0.3,33,4.0,0,0,0,0.0,0,17,8.0,49,0,0,0,1.0,1.0,0,0,0,0,0,0,8274,116,477490,1,3,3,3,3,3,3,4,4,4,4,4,4,
ORN_VC4:both,olfactory,both,23,200,0,0,0,34,4.5,0,0,0,0.1,0,21,9.0,47,0,0,0,0,0,0,0,0,0,0,0,8257,112,474150,1,3,3,3,3,3,3,4,4,4,4,4,4,DNb05_L:200;DNb05_R:174;DNge037_R:100;DNge037_L:97;DNg35_R:95;DNbe007_L:92;DNp32_L:88;DNp31_R:86;DNp31_L:85;DNc01_R:80;DNbe007_R:79;DNg56_R:75;DNpe002_L:74;DNg13_L:72;DNg35_L:71;DNp12_R:68;DNg111_L:68;DNp05_R:67;DNge041_L:66;DNpe002_R:64
ORN_VC5:both,olfactory,both,25,100,0,0,0,35,5.0,0,0,0,0.0,0,20,10,50,0,0,0,0,0,0,0,0,0,0,0,8244,114,481160,1,2,3,3,3,3,3,3,3,4,4,4,4,
ORN_VC5:both,olfactory,both,25,200,0,0,0,34,4.5,0,0,0,0.0,0.5,15,8.0,52,1.0,0,0,0,0,0,0,0,0,0,0,8292,112,475690,1,2,3,3,3,3,3,3,3,4,4,4,4,DNb05_L:205;DNb05_R:172;DNge037_R:103;DNge037_L:100;DNg35_R:97;DNbe007_L:93;DNp32_L:92;DNp31_R:90;DNp31_L:86;DNbe007_R:84;DNc01_R:81;DNg56_R:77;DNg35_L:74;DNp12_R:70;DNp05_R:70;DNpe002_R:69;DNpe002_L:68;DNg13_L:66;DNg111_L:63;DNge041_L:33
ORN_VL1:both,olfactory,both,78,100,0,0,0.3,30,2.5,0,0,0,0.0,0,21,5.0,40,0,0,0,0,1.0,0,0,0,0,0,0,8239,111,472340,1,3,3,3,3,3,3,3,3,4,4,4,5,
ORN_VL1:both,olfactory,both,78,200,0,0.3,0.7,36,2.0,0,0,0,0,1.0,22,3.0,50,1.0,1.0,0,0,2.0,0,0,0,0,0,0,8256,110,478690,1,3,3,3,3,3,3,3,3,4,4,4,5,DNb05_L:198;DNb05_R:179;DNge037_L:98;DNge037_R:97;DNg35_R:97;DNp32_L:85;DNbe007_L:84;DNbe007_R:83;DNp31_R:82;DNc01_R:78;DNp31_L:77;DNg56_R:77;DNp12_R:73;DNg35_L:71;DNp05_R:70;DNg13_L:69;DNpe002_L:65;DNge041_L:64;DNpe002_R:63;DNg111_L:62
ORN_VL2a:both,olfactory,both,71,100,0,0.3,0.7,34,4.0,0,0,0,0.1,0,19,7.0,49,1.0,1.0,0,0,2.0,0,0,0,0,0,0,8248,110,476960,1,2,3,3,2,2,3,3,3,4,3,4,4,
ORN_VL2a:both,olfactory,both,71,200,0,0.7,1.3,42,4.0,0,0,0,0,0,24,8.0,60,0,2.0,2.0,0,2.0,0,0,0,0,0,0,8276,113,473340,1,2,3,3,2,2,3,3,3,4,3,4,4,DNb05_L:205;DNb05_R:174;DNge037_R:98;DNg35_R:98;DNge037_L:97;DNp32_L:93;DNp31_R:92;DNp31_L:82;DNc01_R:80;DNbe007_L:80;DNg56_R:78;DNbe007_R:77;DNg13_L:76;DNp05_R:75;DNg35_L:73;DNpe002_R:69;DNpe002_L:69;DNp12_R:69;DNg111_L:63;DNge041_L:34
ORN_VL2p:both,olfactory,both,27,100,0,0,0.3,34,5.5,0,0,0,0.0,0,21,10,48,1.0,0,0,0,1.0,0,0,0,0,0,0,8272,114,472490,1,2,3,3,3,3,3,3,3,4,3,4,4,
ORN_VL2p:both,olfactory,both,27,200,0,0,1.0,40,3.0,0,0,0,0.1,0,22,6.0,57,0,0,0,0,3.0,0,0,0,0,0,0,8260,111,478110,1,2,3,3,3,3,3,3,3,4,3,4,4,DNb05_L:200;DNb05_R:176;DNge037_R:101;DNg35_R:99;DNge037_L:98;DNp31_R:89;DNbe007_L:89;DNp32_L:88;DNp31_L:87;DNc01_R:80;DNg56_R:79;DNbe007_R:79;DNg35_L:74;DNp12_R:72;DNp05_R:72;DNpe002_R:69;DNg13_L:69;DNpe002_L:68;DNge041_L:65;DNge101_L:31
ORN_VM1:both,olfactory,both,25,100,0,0,0.3,38,3.0,0,0,0,0,0,22,5.0,55,1.0,0,0,0,1.0,0,0,0,0,0,0,8266,113,475690,1,2,3,3,3,3,3,4,4,4,4,4,4,
ORN_VM1:both,olfactory,both,25,200,0,0,1.0,34,5.5,0,0,0,0.0,0.5,18,11,50,0,0,0,0,3.0,0,0,0,0,0,0,8252,113,474130,1,2,3,3,3,3,3,4,4,4,4,4,4,DNb05_L:201;DNb05_R:174;DNg35_R:100;DNge037_R:97;DNge037_L:96;DNbe007_L:90;DNp32_L:88;DNp31_L:85;DNp31_R:82;DNc01_R:80;DNg56_R:79;DNbe007_R:74;DNp12_R:72;DNp05_R:72;DNg35_L:72;DNpe002_L:71;DNg13_L:70;DNpe002_R:66;DNge041_L:66;DNg111_L:64
ORN_VM2:both,olfactory,both,37,100,0,0,0.3,36,4.5,0,0,0,0.0,0,20,8.0,52,1.0,0,0,0,1.0,0,0,0,0,0,0,8262,110,473200,1,2,2,3,3,3,3,4,4,4,4,4,4,
ORN_VM2:both,olfactory,both,37,200,0,0.7,2.7,34,1.5,0,0,0,0.0,0,22,3.0,47,0,2.0,2.0,0,6.0,0,0,0,0,0,0,8298,114,472310,1,2,2,3,3,3,3,4,4,4,4,4,4,DNb05_L:193;DNb05_R:176;DNge037_R:102;DNge037_L:99;DNg35_R:96;DNbe007_L:88;DNp31_R:87;DNp32_L:83;DNbe007_R:80;DNp31_L:79;DNg56_R:76;DNc01_R:76;DNg13_L:72;DNp12_R:70;DNpe002_R:69;DNpe002_L:69;DNg35_L:69;DNp05_R:68;DNge041_L:34;DNg111_L:33
ORN_VM3:both,olfactory,both,37,100,0,0,0,29,6.0,0,0,0,0,0,13,12,45,0,0,0,0,0,0,0,0,0,0,0,8252,115,479390,1,3,3,3,3,3,3,4,4,4,4,4,4,
ORN_VM3:both,olfactory,both,37,200,0,0,0.3,34,3.0,0,0,0,0.0,0,19,6.0,48,0,0,0,0,1.0,0,0,0,0,0,0,8261,114,474910,1,3,3,3,3,3,3,4,4,4,4,4,4,DNb05_L:201;DNb05_R:174;DNge037_R:98;DNge037_L:98;DNg35_R:96;DNp31_R:91;DNp32_L:88;DNp31_L:87;DNbe007_R:83;DNbe007_L:82;DNg56_R:79;DNc01_R:79;DNp05_R:72;DNpe002_L:71;DNp12_R:71;DNg13_L:70;DNg35_L:69;DNpe002_R:65;DNg111_L:35;DNp56_R:32
ORN_VM4:both,olfactory,both,75,100,0,0.3,0.7,34,3.5,0,0,0,0.0,0,17,6.0,51,1.0,1.0,1.0,0,1.0,0,0,0,0,0,0,8264,112,476960,1,2,3,3,3,3,3,3,4,4,4,4,4,
ORN_VM4:both,olfactory,both,75,200,0,0,0.3,32,3.0,0,0,0,0.0,0,22,4.0,43,2.0,0,0,0,1.0,0,0,0,0,0,0,8302,113,484000,1,2,3,3,3,3,3,3,4,4,4,4,4,DNb05_L:205;DNb05_R:181;DNge037_R:102;DNge037_L:99;DNg35_R:95;DNp32_L:89;DNbe007_L:89;DNp31_R:87;DNp31_L:86;DNbe007_R:83;DNc01_R:80;DNg56_R:76;DNp05_R:74;DNp12_R:69;DNg13_L:69;DNpe002_R:68;DNg35_L:68;DNpe002_L:67;DNge041_L:66;DNg111_L:66
ORN_VM5d:both,olfactory,both,67,100,0,0,0,0,0,0,0,0,0,0,0,0,0,0,0,0,0,0,0,0,0,0,0,0,57,0,240160,1,2,3,3,3,3,3,4,4,4,4,4,4,
ORN_VM5d:both,olfactory,both,67,200,0,0.7,1.7,36,3.0,0,0,0,0.0,0,21,5.0,50,1.0,2.0,2.0,0,3.0,0,0,0,0,0,0,8328,111,475580,1,2,3,3,3,3,3,4,4,4,4,4,4,DNb05_L:186;DNb05_R:169;DNge037_R:97;DNg35_R:94;DNge037_L:92;DNp31_R:85;DNbe007_L:84;DNp32_L:81;DNp31_L:77;DNbe007_R:76;DNc01_R:74;DNg56_R:72;DNp12_R:67;DNp05_R:67;DNpe002_R:66;DNg35_L:66;DNpe002_L:65;DNg13_L:63;DNge041_L:62;DNge054_R:30
ORN_VM5v:both,olfactory,both,23,100,0,1.0,2.3,32,5.5,0,0,0,0.0,0.5,18,9.0,45,2.0,3.0,3.0,0,4.0,0,0,0,0,0,0,8266,109,477660,1,2,3,3,3,3,3,4,3,4,4,4,4,
ORN_VM5v:both,olfactory,both,23,200,0,0,0.7,36,5.0,0,0,0,0.0,0,21,9.0,51,1.0,0,0,0,2.0,0,0,0,0,0,0,8275,110,477970,1,2,3,3,3,3,3,4,3,4,4,4,4,DNb05_L:190;DNb05_R:170;DNge037_R:101;DNg35_R:93;DNge037_L:89;DNp31_R:87;DNp32_L:84;DNbe007_L:83;DNp31_L:80;DNbe007_R:80;DNc01_R:75;DNg56_R:74;DNp05_R:68;DNg35_L:68;DNpe002_R:67;DNp12_R:67;DNpe002_L:65;DNg13_L:64;DNg111_L:59;DNp56_R:30
ORN_VM6l:both,olfactory,both,21,100,0,0.3,0,36,3.0,0,0,0,0.0,0,25,6.0,48,0,1.0,0,0,0,0,0,0,0,0,0,8230,112,475250,1,3,3,3,3,3,3,3,3,4,4,4,4,
ORN_VM6l:both,olfactory,both,21,200,0,1.0,1.3,37,4.0,0,0,0,0.0,0,21,8.0,53,0,3.0,3.0,0,1.0,0,0,0,0,0,0,8286,110,479250,1,3,3,3,3,3,3,3,3,4,4,4,4,DNb05_L:204;DNb05_R:173;DNge037_L:100;DNge037_R:98;DNg35_R:98;DNbe007_L:97;DNp32_L:89;DNp31_R:85;DNbe007_R:82;DNp31_L:78;DNc01_R:78;DNg56_R:74;DNg35_L:74;DNg13_L:72;DNp12_R:68;DNp05_R:67;DNg111_L:66;DNpe002_L:65;DNpe002_R:63;DNge041_L:62
ORN_VM6m:both,olfactory,both,33,100,0,0.3,0,36,5.5,0,0,0,0.0,0,21,9.0,51,2.0,1.0,0,0,0,0,0,0,0,0,0,8289,114,474980,1,2,3,3,3,3,3,3,3,4,4,4,4,
ORN_VM6m:both,olfactory,both,33,200,0,0.7,0.7,40,4.5,0,0,0,0.0,0,27,8.0,53,1.0,2.0,2.0,0,0,0,0,0,0,0,0,8292,116,478850,1,2,3,3,3,3,3,3,3,4,4,4,4,DNb05_L:201;DNb05_R:178;DNge037_R:98;DNge037_L:98;DNg35_R:95;DNbe007_L:92;DNp31_R:89;DNp32_L:88;DNp31_L:84;DNbe007_R:81;DNg56_R:79;DNc01_R:78;DNg13_L:73;DNg35_L:72;DNp12_R:71;DNpe002_L:69;DNp05_R:68;DNg111_L:68;DNge041_L:67;DNpe002_R:66
ORN_VM6v:both,olfactory,both,26,100,0,0.7,0.7,32,4.5,0,0,0,0,0,14,8.0,49,1.0,2.0,1.0,0,1.0,0,0,0,0,0,0,8288,112,475760,1,3,3,3,3,3,3,3,3,3,3,4,4,
ORN_VM6v:both,olfactory,both,26,200,0,0,0,36,0,0,0,0,0.1,0,22,0,49,0,0,0,0,0,0,0,0,0,0,0,8262,114,476380,1,3,3,3,3,3,3,3,3,3,3,4,4,DNb05_L:198;DNb05_R:170;DNg35_R:101;DNge037_R:98;DNge037_L:93;DNp31_R:89;DNp32_L:88;DNp31_L:86;DNp05_R:81;DNc01_R:80;DNbe007_L:80;DNg56_R:79;DNg35_L:76;DNbe007_R:75;DNp12_R:72;DNpe002_R:70;DNg13_L:70;DNge041_L:68;DNpe002_L:64;DNg111_L:34
ORN_VM7d:both,olfactory,both,33,100,0,0.7,1.3,34,6.5,0,0,0,0.0,0,17,12,52,1.0,2.0,2.0,0,2.0,0,0,0,0,0,0,8254,115,479050,1,2,3,3,2,3,3,3,3,4,3,4,4,
ORN_VM7d:both,olfactory,both,33,200,0,0,1.0,36,4.0,0,0,0,0.0,0.5,20,7.0,52,1.0,0,0,0,3.0,0,0,0,0,0,0,8272,112,474790,1,2,3,3,2,3,3,3,3,4,3,4,4,DNb05_L:196;DNb05_R:173;DNp32_L:103;DNge037_R:100;DNg35_R:98;DNge037_L:97;DNbe007_L:88;DNp31_R:85;DNp31_L:83;DNc01_R:80;DNbe007_R:77;DNg56_R:76;DNg13_L:72;DNp05_R:71;DNg35_L:71;DNp12_R:69;DNpe002_R:67;DNpe002_L:66;DNge041_L:65;DNg111_L:65
ORN_VM7v:both,olfactory,both,26,100,0,0.7,1.0,38,3.0,0,0,0,0.0,0,21,6.0,55,0,2.0,2.0,0,1.0,0,0,0,0,0,0,8309,111,473120,1,3,3,3,3,3,3,4,3,4,3,4,4,
ORN_VM7v:both,olfactory,both,26,200,0,0,0.3,36,5.5,0,0,0,0.0,0.5,18,10,53,1.0,0,0,0,1.0,0,0,0,0,0,0,8289,114,474180,1,3,3,3,3,3,3,4,3,4,3,4,4,DNb05_L:201;DNb05_R:172;DNge037_R:98;DNg35_R:97;DNge037_L:96;DNbe007_L:94;DNp32_L:91;DNp31_R:90;DNp31_L:84;DNc01_R:79;DNg56_R:76;DNbe007_R:76;DNg35_L:72;DNp05_R:71;DNpe002_L:70;DNp12_R:70;DNpe002_R:66;DNge041_L:66;DNg13_L:66;DNg111_L:61
ORN_pheromone:left,olfactory,left,205,100,0,0.3,0.3,38,2.5,0,0,0,0,0,26,5.0,49,0,1.0,1.0,0,0,0,0,0,0,0,0,8304,111,475240,1,2,3,3,3,3,3,3,3,3,4,3,3,
ORN_pheromone:left,olfactory,left,205,200,0,2.0,2.7,37,5.0,0,0,0,0,0,25,9.0,49,1.0,6.0,6.0,0,2.0,0,0,0,0,0,0,8354,116,470020,1,2,3,3,3,3,3,3,3,3,4,3,3,DNb05_L:209;DNb05_R:182;DNge037_R:108;DNge037_L:103;DNg35_R:96;DNp31_R:92;DNp32_L:90;DNbe007_L:90;DNbe007_R:89;DNp31_L:82;DNc01_R:80;DNg56_R:79;DNp05_R:77;DNpe002_L:76;DNge041_L:71;DNg13_L:71;DNpe002_R:69;DNp12_R:69;DNg111_L:68;DNge101_L:64
ORN_pheromone:right,olfactory,right,209,100,0,0.3,0.7,38,4.0,0,0,0,0.0,1.0,20,8.0,56,0,1.0,1.0,0,1.0,0,0,0,0,0,0,8314,114,478530,1,2,3,3,2,3,3,3,3,3,4,3,3,
ORN_pheromone:right,olfactory,right,209,200,0,0.3,0.3,35,3.0,0,0,0,0.0,0,19,5.0,51,1.0,1.0,1.0,0,0,0,0,0,0,0,0,8350,116,474820,1,2,3,3,2,3,3,3,3,3,4,3,3,DNb05_L:211;DNb05_R:185;DNge037_R:112;DNge037_L:106;DNg35_R:98;DNbe007_L:93;DNp32_L:89;DNp31_R:88;DNbe007_R:88;DNp31_L:83;DNc01_R:80;DNg56_R:79;DNpe002_R:78;DNp05_R:73;DNp12_R:71;DNg13_L:71;DNpe002_L:69;DNge041_L:69;DNg111_L:69;DNp56_R:63
TRN_VP1m:both,thermo_hygro,both,13,100,0,0,0.3,32,4.5,0,0,0,0,0,22,9.0,42,0,0,0,0,1.0,0,0,0,0,0,0,8257,115,475860,1,2,2,3,2,3,3,3,3,4,3,4,3,
TRN_VP1m:both,thermo_hygro,both,13,200,0,0,0,33,7.0,0,0,0,0,0.5,20,11,46,3.0,0,0,0,0,0,0,0,0,0,0,8288,110,480380,1,2,2,3,2,3,3,3,3,4,3,4,3,DNb05_L:199;DNb05_R:172;DNge037_L:98;DNge037_R:97;DNg35_R:94;DNp31_L:90;DNp31_R:89;DNp32_L:87;DNbe007_L:85;DNc01_R:78;DNg56_R:77;DNbe007_R:77;DNp12_R:72;DNp05_R:71;DNpe002_L:70;DNg35_L:67;DNpe002_R:64;DNg13_L:64;DNge041_L:61;DNp56_R:29
TRN_VP2:both,thermo_hygro,both,7,100,0,0,0.3,32,4.5,0,0,0,0,0,19,8.0,44,1.0,0,0,0,1.0,0,0,0,0,0,0,8256,114,477220,1,2,2,2,3,3,3,3,2,3,3,3,4,
TRN_VP2:both,thermo_hygro,both,7,200,0,0,0,34,4.5,0,0,0,0.0,0,25,9.0,44,0,0,0,0,0,0,0,0,0,0,0,8304,112,479060,1,2,2,2,3,3,3,3,2,3,3,3,4,DNb05_L:208;DNb05_R:182;DNge037_R:105;DNge037_L:99;DNg35_R:96;DNp31_R:93;DNp32_L:90;DNp31_L:87;DNbe007_L:87;DNbe007_R:84;DNg56_R:80;DNc01_R:80;DNp12_R:78;DNp05_R:74;DNpe002_L:72;DNg35_L:70;DNpe002_R:69;DNg13_L:69;DNg111_L:66;DNge041_L:36
TRN_VP3a:both,thermo_hygro,both,7,100,0,0,0,34,3.0,0,0,0,0.0,0,16,6.0,52,0,0,0,0,0,0,0,0,0,0,0,8242,110,476710,1,2,2,2,3,3,3,3,3,3,3,3,4,
TRN_VP3a:both,thermo_hygro,both,7,200,0,0,0.3,40,2.5,0,0,0,0.0,0.5,21,5.0,60,0,0,0,0,1.0,0,0,0,0,0,0,8294,111,473590,1,2,2,2,3,3,3,3,3,3,3,3,4,DNb05_L:212;DNb05_R:188;DNge037_L:100;DNg35_R:100;DNge037_R:98;DNp31_R:95;DNbe007_L:89;DNp32_L:88;DNp31_L:87;DNbe007_R:83;DNg56_R:78;DNc01_R:78;DNp12_R:77;DNg35_L:74;DNp05_R:73;DNg13_L:68;DNpe002_L:66;DNg111_L:65;DNge041_L:64;DNpe002_R:34
TRN_VP3b:both,thermo_hygro,both,2,100,0,1.0,1.3,33,2.5,0,0,0,0.0,0.5,18,5.0,48,0,3.0,1.0,0,3.0,0,0,0,0,0,0,8292,114,478590,1,2,3,3,3,3,3,3,3,4,4,4,4,
TRN_VP3b:both,thermo_hygro,both,2,200,0,0,0.3,36,4.0,0,0,0,0.0,0,19,7.0,54,1.0,0,0,0,1.0,0,0,0,0,0,0,8282,110,472230,1,2,3,3,3,3,3,3,3,4,4,4,4,DNb05_L:198;DNb05_R:174;DNg35_R:96;DNge037_R:95;DNge037_L:92;DNp31_R:88;DNbe007_L:88;DNp31_L:84;DNp32_L:82;DNbe007_R:80;DNg56_R:76;DNc01_R:75;DNp12_R:73;DNg35_L:71;DNg13_L:70;DNpe002_L:67;DNpe002_R:66;DNp05_R:66;DNge054_R:33;DNg111_L:33
HRN_VP1d:both,thermo_hygro,both,16,100,0,0.3,0.3,40,4.0,0,0,0,0.1,0,26,8.0,53,0,1.0,1.0,0,0,0,0,0,0,0,0,8262,115,478300,1,2,2,3,3,3,3,3,3,4,3,4,4,
HRN_VP1d:both,thermo_hygro,both,16,200,0,1.0,1.0,36,3.5,0,0,0,0.0,0,16,7.0,56,0,3.0,3.0,0,0,0,0,0,0,0,0,8282,112,477340,1,2,2,3,3,3,3,3,3,4,3,4,4,DNb05_L:206;DNb05_R:177;DNge037_R:102;DNg35_R:98;DNge037_L:97;DNp31_R:93;DNbe007_L:92;DNp32_L:86;DNp31_L:86;DNbe007_R:84;DNg56_R:80;DNc01_R:80;DNg35_L:74;DNp12_R:72;DNp05_R:72;DNg111_L:68;DNpe002_R:67;DNpe002_L:67;DNge041_L:65;DNp56_R:32
HRN_VP1l:both,thermo_hygro,both,13,100,0,0,0.7,35,3.0,0,0,0,0.0,0,23,6.0,47,0,0,0,0,2.0,0,0,0,0,0,0,8282,114,472620,1,2,3,3,3,3,3,4,4,4,4,4,4,
HRN_VP1l:both,thermo_hygro,both,13,200,0,0,0,34,4.5,0,0,0,0,0,18,8.0,50,1.0,0,0,0,0,0,0,0,0,0,0,8287,114,471710,1,2,3,3,3,3,3,4,4,4,4,4,4,DNb05_L:199;DNb05_R:176;DNg35_R:97;DNge037_R:95;DNge037_L:95;DNp31_R:90;DNp32_L:87;DNp31_L:85;DNbe007_L:83;DNbe007_R:82;DNc01_R:78;DNg56_R:76;DNg35_L:73;DNp05_R:72;DNp12_R:69;DNg13_L:69;DNpe002_R:67;DNpe002_L:67;DNge041_L:65;DNg111_L:64
HRN_VP4:both,thermo_hygro,both,29,100,0,0.7,0.3,37,3.5,0,0,0,0,0,23,7.0,51,0,2.0,0,0,1.0,0,0,0,0,0,0,8272,110,474110,1,2,2,2,3,3,3,3,3,4,4,4,4,
HRN_VP4:both,thermo_hygro,both,29,200,0,0,0.3,34,3.5,0,0,0,0.0,0,21,6.0,48,1.0,0,0,0,1.0,0,0,0,0,0,0,8334,116,478420,1,2,2,2,3,3,3,3,3,4,4,4,4,DNb05_L:200;DNb05_R:172;DNge037_R:99;DNge037_L:96;DNg35_R:95;DNp31_R:90;DNp32_L:87;DNp31_L:80;DNg56_R:80;DNc01_R:80;DNbe007_R:79;DNp12_R:77;DNbe007_L:75;DNp05_R:74;DNpe002_L:70;DNg13_L:70;DNg35_L:69;DNpe002_R:67;DNg56_L:66;DNg111_L:66
HRN_VP5:both,thermo_hygro,both,16,100,0,0.3,0.3,29,3.0,0,0,0,0.0,0,14,5.0,44,1.0,1.0,1.0,0,0,0,0,0,0,0,0,8252,114,477770,1,2,3,3,3,3,3,3,3,3,3,3,4,
HRN_VP5:both,thermo_hygro,both,16,200,0,0,0,32,3.0,0,0,0,0.0,0,18,5.0,46,1.0,0,0,0,0,0,0,0,0,0,0,8277,112,477050,1,2,3,3,3,3,3,3,3,3,3,3,4,DNb05_L:211;DNb05_R:192;DNp31_R:98;DNge037_R:98;DNg35_R:98;DNge037_L:96;DNbe007_L:94;DNp31_L:87;DNp32_L:86;DNbe007_R:85;DNg56_R:80;DNc01_R:77;DNp12_R:76;DNg13_L:70;DNg35_L:69;DNpe002_L:67;DNp05_R:65;DNpe002_R:64;DNge054_R:34;DNg111_L:34
CB4147:both,unknown_sensory,both,2,100,0,0,0,0,0,0,0,0,0,0,0,0,0,0,0,0,0,0,0,0,0,0,0,0,56,2.0,0,0,2,2,3,3,2,2,3,2,3,3,2,2,
CB4147:both,unknown_sensory,both,2,200,0,0,0,0,0,0,0,0,0,0,0,0,0,0,0,0,0,0,0,0,0,0,0,0,103,6.0,0,0,2,2,3,3,2,2,3,2,3,3,2,2,DNg103_L:42;DNg103_R:22;DNg35_L:19;DNg28_L:16;DNg28_R:7;DNge100_R:3;DNg96_L:3;DNg31_L:3;DNge055_L:2
CB4148:both,unknown_sensory,both,15,100,0,0,0,0,0,0,0,0,0,0,0,0,0,0,0,0,0,0,0,0,0,0,0,0,102,30,0,0,2,2,2,3,2,2,3,2,3,4,3,2,
CB4148:both,unknown_sensory,both,15,200,0,0,0,0,0,0,0,0,0,0,0,0,0,0,0,0,0,0,0,0,0,0,0,0,150,44,0,0,2,2,2,3,2,2,3,2,3,4,3,2,DNge067_R:85;DNge055_L:80;DNge100_R:79;DNg31_L:78;DNg35_L:77;DNge100_L:70;DNge067_L:70;DNg31_R:69;DNge063_L:64;DNge055_R:62;DNg87_R:57;DNge063_R:53;DNg16_R:52;DNg103_L:48;DNg96_L:44;DNg87_L:43;DNg16_L:41;DNg96_R:39;DNge125_L:37;DNge040_R:37
CB4210:both,unknown_sensory,both,2,100,0,0,0,0,0,0,0,0,0,0,0,0,0,0,0,0,0,0,0,0,0,0,0,0,5.0,2.0,0,0,3,3,2,3,2,2,4,4,4,4,4,4,
CB4210:both,unknown_sensory,both,2,200,0,0,0,0,0,0,0,0,0,0,0,0,0,0,0,0,0,0,0,0,0,0,0,0,32,4.5,0,0,3,3,2,3,2,2,4,4,4,4,4,4,DNge172_L:86;DNge172_R:78;DNg26_L:15;DNg26_R:8;DNg80_L:1
CB4211:both,unknown_sensory,both,2,100,0,0,0,0,0,0,0,0,0,6.5,0,0,0,0,0,0,0,0,0,0,0,0,0,0,44,4.5,0,0,2,2,2,3,2,1,2,3,3,4,2,1,
CB4211:both,unknown_sensory,both,2,200,0,0,0,0,0,0,0,0,0,8.5,0,0,0,0,0,0,0,0,0,0,0,0,0,0,62,7.0,0,0,2,2,2,3,2,1,2,3,3,4,2,1,DNge036_L:74;DNge037_R:69;DNge036_R:60;DNge037_L:56;DNge055_R:22;DNge055_L:18;DNg61_L:17;DNg23_R:4;DNge173_L:3;DNg72_R:1
DNx01:both,unknown_sensory,both,2,100,0,0,0,0,0,0,0,0,0,0,0,0,0,0,0,0,0,0,0,0,0,0,0,0,1.0,0,0,0,2,2,2,2,2,2,3,3,3,3,2,3,
DNx01:both,unknown_sensory,both,2,200,0,0,0,0,0,0,0,0,0,0,0,0,0,0,0,0,0,0,0,0,0,0,0,0,3.0,0.5,0,0,2,2,2,2,2,2,3,3,3,3,2,3,DNg15_L:10
DNx02:both,unknown_sensory,both,3,100,0,0,0,0,0,0,0,0,0,0,0,0,0,0,0,0,0,0,0,0,0,0,0,0,17,1.0,0,0,2,1,2,2,1,2,2,2,3,3,2,3,
DNx02:both,unknown_sensory,both,3,200,0,0,0,0,0,0,0,0,0,0,0,0,0,0,0,0,0,0,0,0,0,0,0,0,63,5.0,0,0,2,1,2,2,1,2,2,2,3,3,2,3,DNg58_R:31;DNae006_R:14;DNa04_L:12;DNp26_L:11;DNp07_L:10;DNg51_R:5;DNb05_L:4;DNp31_L:2;DNp15_R:2;DNp10_L:2;DNp07_R:2;DNbe007_R:2;DNbe007_L:2;DNbe001_R:2;DNb05_R:2;DNa04_R:2;DNp31_R:1;DNge068_R:1;DNge060_R:1;DNg35_R:1
ENS1:both,unknown_sensory,both,10,100,0,0,0,0,0,0,0,0,0,0,0,0,0,0,0,0,0,0,0,0,0,0,0,0,70,5.0,0,0,2,2,3,3,2,2,3,3,4,4,3,3,
ENS1:both,unknown_sensory,both,10,200,0,0,0,0,0,0,0,0,0,0,0,0,0,0,0,0,0,0,0,0,0,0,0,0,90,2.0,0,0,2,2,3,3,2,2,3,3,4,4,3,3,DNg61_R:41;DNg61_L:41;DNge055_L:5;DNge055_R:4;DNge059_R:2;DNge059_L:2
ENS2:both,unknown_sensory,both,10,100,0,0,0,0,0,0,0,0,0,0,0,0,0,0,0,0,0,0,0,0,0,0,0,0,34,0,0,0,3,3,3,3,2,2,3,3,4,3,2,2,
ENS2:both,unknown_sensory,both,10,200,0,0,0,0,0,0,0,0,0,0,0,0,0,0,0,0,0,0,0,0,0,0,0,0,42,0,0,0,3,3,3,3,2,2,3,3,4,3,2,2,DNge036_L:5
ENS3:both,unknown_sensory,both,29,100,0,0,0,0,0,0,0,0,0,0,0,0,0,0,0,0,0,0,0,0,0,0,0,0,52,0,0,0,3,3,3,3,2,2,3,4,4,4,3,3,
ENS3:both,unknown_sensory,both,29,200,0,0,0,0,0,0,0,0,0,0,0,0,0,0,0,0,0,0,0,0,0,0,0,0,88,0,0,0,3,3,3,3,2,2,3,4,4,4,3,3,DNg28_R:2;DNg28_L:2
ENS4:both,unknown_sensory,both,12,100,0,0,0,0,0,0,0,0,0,0,0,0,0,0,0,0,0,0,0,0,0,0,0,0,44,4.0,0,0,2,3,2,3,2,2,3,4,3,4,3,3,
ENS4:both,unknown_sensory,both,12,200,0,0,0,0,0,0,0,0,0,0,0,0,0,0,0,0,0,0,0,0,0,0,0,0,108,4.0,0,0,2,3,2,3,2,2,3,4,3,4,3,3,DNp65_R:122;DNpe036_R:116;DNp65_L:110;DNpe036_L:82;DNge059_R:6;DNge059_L:6;DNg61_L:6;DNg61_R:5;DNge055_L:1
ENS5:both,unknown_sensory,both,18,100,0,0,0,0,0,0,0,0,0,0,0,0,0,0,0,0,0,0,0,0,0,0,0,0,68,1.0,0,0,2,2,2,3,2,2,3,3,3,3,3,3,
ENS5:both,unknown_sensory,both,18,200,0,0,0,0,0,0,0,0,0,0,0,0,0,0,0,0,0,0,0,0,0,0,0,0,114,6.0,0,0,2,2,2,3,2,2,3,3,3,3,3,3,DNg70_L:53;DNg70_R:37;DNge038_L:22;DNge075_L:12;DNpe036_R:10;DNge055_L:10;DNg61_L:10;DNge055_R:9;DNg61_R:9;DNp65_R:5;DNp65_L:1;DNg28_R:0
LN-DN1:both,unknown_sensory,both,2,100,0,0,0,0,0,0,0,0,0,0,0,0,0,0,0,0,0,0,0,0,0,0,0,0,1.5,0,0,0,2,3,2,3,1,2,3,3,3,4,2,3,
LN-DN1:both,unknown_sensory,both,2,200,0,0,0,0,0,0,0,0,0,0,0,0,0,0,0,0,0,0,0,0,0,0,0,0,3.5,0,0,0,2,3,2,3,1,2,3,3,3,4,2,3,DNg87_L:1
LN-DN2:both,unknown_sensory,both,4,100,0,0,0,0,0,0,0,0,0,0,0,0,0,0,0,0,0,0,0,0,0,0,0,0,0,0,0,0,2,3,2,3,2,2,3,4,3,4,3,4,
LN-DN2:both,unknown_sensory,both,4,200,0,0,0,0,0,0,0,0,0,0,0,0,0,0,0,0,0,0,0,0,0,0,0,0,4.0,1.0,0,0,2,3,2,3,2,2,3,4,3,4,3,4,DNge172_L:14;DNge172_R:5
ocellar_PR:both,visual_PR,both,273,100,0,0,0,0,0,0,0,0,0,0,0,0,0,0,0,0,0,0,0,0,0,0,0,0,40,12,0,0,2,3,3,2,3,3,3,3,3,3,3,4,
ocellar_PR:both,visual_PR,both,273,200,0,0,0,0,0,0,0,0,0,0,0,0,0,0,0,0,0,0,0,0,0,0,0,0,68,11,0,0,2,3,3,2,3,3,3,3,3,3,3,4,DNp28_R:143;DNp28_L:125;DNp18_L:104;DNb06_L:104;DNpe017_L:103;DNpe017_R:80;DNp18_R:80;DNb06_R:80;DNp19_R:68;DNp20_L:61;DNp19_L:44;DNbe001_L:7;DNp16_L:4;DNp20_R:4;DNp40_R:2;DNp22_R:1;DNge070_L:1;DNpe014_L:0
DRA_PR:left,visual_PR,left,79,100,0,0,0,0,0,0,0,0,0,0,0,0,0,0,0,0,0,0,0,0,0,0,0,0,0,0,0,0,3,3,3,3,3,3,6,6,6,6,7,7,
DRA_PR:left,visual_PR,left,79,200,0,0,0,0,0,0,0,0,0,0,0,0,0,0,0,0,0,0,0,0,0,0,0,0,0,0,0,0,3,3,3,3,3,3,6,6,6,6,7,7,
DRA_PR:right,visual_PR,right,76,100,0,0,0,0,0,0,0,0,0,0,0,0,0,0,0,0,0,0,0,0,0,0,0,0,18,0,0,0,3,3,3,3,3,4,4,4,4,4,5,5,
DRA_PR:right,visual_PR,right,76,200,0,0,0,0,0,0,0,0,0,0,0,0,0,0,0,0,0,0,0,0,0,0,0,0,40,0,0,0,3,3,3,3,3,4,4,4,4,4,5,5,
R1-6:left,visual_PR,left,4043,100,0,0,0,0,0,0,0,0,0,0,0,0,0,0,0,0,0,0,0,0,0,0,0,0,1256,0,0,0,3,3,4,4,4,4,4,4,5,4,5,5,
R1-6:left,visual_PR,left,4043,200,0,0,0,0,0,0,0,0,0,0,0,0,0,0,0,0,0,0,0,0,0,0,0,0,1738,0,0,0,3,3,4,4,4,4,4,4,5,4,5,5,
R1-6:right,visual_PR,right,3888,100,0,0,0,0,0,0,0,0,0,0,0,0,0,0,0,0,0,0,0,0,0,0,0,0,1064,0,0,0,3,3,4,4,3,4,4,4,5,4,5,5,
R1-6:right,visual_PR,right,3888,200,0,0,0,0,0,0,0,0,0,0,0,0,0,0,0,0,0,0,0,0,0,0,0,0,1662,0,0,0,3,3,4,4,3,4,4,4,5,4,5,5,
R7:left,visual_PR,left,629,100,0,0,0,0,0,0,0,0,0,0,0,0,0,0,0,0,0,0,0,0,0,0,0,0,0,0,0,0,3,3,3,3,3,3,3,4,4,4,4,5,
R7:left,visual_PR,left,629,200,0,0,0,0,0,0,0,0,0,0,0,0,0,0,0,0,0,0,0,0,0,0,0,0,2.5,0,0,0,3,3,3,3,3,3,3,4,4,4,4,5,
R7:right,visual_PR,right,630,100,0,0,0,0,0,0,0,0,0,0,0,0,0,0,0,0,0,0,0,0,0,0,0,0,1.0,0,0,0,3,3,3,3,2,3,4,4,4,3,5,5,
R7:right,visual_PR,right,630,200,0,0,0,0,0,0,0,0,0,0,0,0,0,0,0,0,0,0,0,0,0,0,0,0,8.5,0,0,0,3,3,3,3,2,3,4,4,4,3,5,5,
R8:left,visual_PR,left,623,100,0,0,0,0,0,0,0,0,0,0,0,0,0,0,0,0,0,0,0,0,0,0,0,0,14,0,0,0,2,3,3,3,3,3,3,4,4,3,4,5,
R8:left,visual_PR,left,623,200,0,0,0,0,0,0,0,0,0,0,0,0,0,0,0,0,0,0,0,0,0,0,0,0,76,0,0,0,2,3,3,3,3,3,3,4,4,3,4,5,
R8:right,visual_PR,right,614,100,0,0,0,0,0,0,0,0,0,0,0,0,0,0,0,0,0,0,0,0,0,0,0,0,32,0,0,0,3,3,3,3,3,3,3,3,4,3,4,4,
R8:right,visual_PR,right,614,200,0,0,0,0,0,0,0,0,0,0,0,0,0,0,0,0,0,0,0,0,0,0,0,0,104,0,0,0,3,3,3,3,3,3,3,3,4,3,4,4,
SA_DLV:left,sensory_ascending,left,11,100,1,0,0,0,0,0,0,0,0,0,0,0,0,0,0,0,0,0,0,0,0,0,0,0,4.5,0,0,0,2,2,3,2,3,3,-1,-1,-1,-1,-1,-1,
SA_DLV:left,sensory_ascending,left,11,200,1,0,0,0,0,0,0,0,0,0,0,0,0,0,0,0,0,0,0,0,0,0,0,0,6.0,0,0,0,2,2,3,2,3,3,-1,-1,-1,-1,-1,-1,
SA_DLV:right,sensory_ascending,right,14,100,1,0,0,0,0,0,0,0,0,0,0,0,0,0,0,0,0,0,0,0,0,0,0,0,5.0,0,0,0,2,2,3,3,3,3,4,3,4,3,4,5,
SA_DLV:right,sensory_ascending,right,14,200,1,0,0,0,0,0,0,0,0,0,0,0,0,0,0,0,0,0,0,0,0,0,0,0,5.0,0,0,0,2,2,3,3,3,3,4,3,4,3,4,5,
SA_DMT_ADMN:left,sensory_ascending,left,36,100,1,0,0,0,0,0,0,0,0,0,0,0,0,0,0,0,0,0,0,0,0,0,0,0,7.5,0,0,0,2,2,3,2,2,2,3,2,3,2,3,4,
SA_DMT_ADMN:left,sensory_ascending,left,36,200,1,0,0,0,0,0,0,0,0,0,0,0,0,0,0,0,0,0,0,0,0,0,0,0,12,1.0,0,0,2,2,3,2,2,2,3,2,3,2,3,4,DNge084_L:20
SA_DMT_ADMN:right,sensory_ascending,right,44,100,1,0,0,0,0,0,0,0,0,0,0,0,0,0,0,0,0,0,0,0,0,0,0,0,22,3.0,0,0,2,2,2,3,2,3,3,2,3,3,3,4,
SA_DMT_ADMN:right,sensory_ascending,right,44,200,1,0,0,0,0,0,0,0,0,0,0,0,0,0,0,0,0,0,0,0,0,0,0,0,50,9.0,0,0,2,2,2,3,2,3,3,2,3,3,3,4,DNge084_R:55;DNge107_R:29;DNp73_R:24;DNa10_R:24;DNp31_L:14;DNg07_R:12;DNge111_R:6;DNge093_R:2
SA_DMT_DMetaN:left,sensory_ascending,left,135,100,1,0,0,0,0,0,0,0,0,0,0,0,0,0,0,0,0,0,0,0,0,0,0,0,3.0,0,0,0,2,2,3,3,1,2,3,2,3,3,4,4,
SA_DMT_DMetaN:left,sensory_ascending,left,135,200,1,0,0,0,0,0,0,0,0,0,0,0,0,0,0,0,0,0,0,0,0,0,0,0,9.0,0,0,0,2,2,3,3,1,2,3,2,3,3,4,4,DNa16_R:8
SA_DMT_DMetaN:right,sensory_ascending,right,232,100,1,0,0,0,4.0,0,0,0,0,0,0,0,0,8.0,0,0,0,0,0,0,0,0,0,0,58,3.0,0,0,2,2,2,2,2,2,2,2,3,3,3,4,
SA_DMT_DMetaN:right,sensory_ascending,right,232,200,1,0,0,6.5,4.5,0,0.5,0,0,0,2.0,0,11,9.0,0,0,0,0,0,0,0,0.5,0,0,156,7.0,0,0,2,2,2,2,2,2,2,2,3,3,3,4,DNa16_R:21;DNa16_L:19;DNa11_L:18;DNae002_R:14;DNa02_L:11;DNg13_L:9;DNae005_L:9;DNa02_R:9;DNpe023_L:5;DNa03_L:4;DNg10_R:3;DNge087_R:2;DNge140_R:2;DNge093_R:2;DNa01_L:2;DNa13_L:2;DNg71_R:1;DNae007_L:1;DNa06_L:1;MDN_R:0
SA_MDA:left,sensory_ascending,left,8,100,1,0,0,0,0,0,0,0,0,0,0,0,0,0,0,0,0,0,0,0,0,0,0,0,18,0,0,0,2,2,2,3,2,2,4,3,4,4,3,2,
SA_MDA:left,sensory_ascending,left,8,200,1,0,0,0,0,0,0,0,0,0,0,0,0,0,0,0,0,0,0,0,0,0,0,0,27,1.0,0,0,2,2,2,3,2,2,4,3,4,4,3,2,DNg80_L:17;DNg80_R:4
SA_MDA:right,sensory_ascending,right,9,100,1,0,0,0,0,0,0,0,0,0,0,0,0,0,0,0,0,0,0,0,0,0,0,0,11,0,0,0,2,2,3,3,2,2,3,3,3,3,3,2,
SA_MDA:right,sensory_ascending,right,9,200,1,0,0,0,0,0,0,0,0,0,0,0,0,0,0,0,0,0,0,0,0,0,0,0,19,0,0,0,2,2,3,3,2,2,3,3,3,3,3,2,
SA_VTV_DProN:left,sensory_ascending,left,2,100,1,0,0,0,0,0,0,0,0,0,0,0,0,0,0,0,0,0,0,0,0,0,0,0,0,0,0,0,2,2,2,3,2,2,3,3,3,3,2,3,
SA_VTV_DProN:left,sensory_ascending,left,2,200,1,0,0,0,0,0,0,0,0,0,0,0,0,0,0,0,0,0,0,0,0,0,0,0,2.5,0,0,0,2,2,2,3,2,2,3,3,3,3,2,3,DNg62_R:7
SA_VTV_DProN:right,sensory_ascending,right,2,100,1,0,0,0,0,0,0,0,0,0,0,0,0,0,0,0,0,0,0,0,0,0,0,0,0,0,0,0,2,2,2,3,2,2,3,3,3,3,2,3,
SA_VTV_DProN:right,sensory_ascending,right,2,200,1,0,0,0,0,0,0,0,0,0,0,0,0,0,0,0,0,0,0,0,0,0,0,0,1.0,0,0,0,2,2,2,3,2,2,3,3,3,3,2,3,
SA_VTV_pro_meso_meta:left,sensory_ascending,left,41,100,1,6.7,8.0,9.0,1.5,0,0,0,0,0,9.0,2.0,9.0,1.0,12,12,8.0,12,0,0,0,0,0,0,2854,20,237290,1,2,2,2,2,2,2,3,3,2,3,3,3,
SA_VTV_pro_meso_meta:left,sensory_ascending,left,41,200,1,7.0,11,13,2.0,0,0,0,0,0,12,1.0,14,3.0,13,13,8.0,19,0,0,0,0,0,0,719,32,5180,0,2,2,2,2,2,2,3,3,2,3,3,3,DNpe007_L:74;DNg103_L:65;DNg103_R:47;DNpe007_R:35;DNge053_L:30;DNg28_L:28;DNge038_R:26;DNge053_R:24;DNg35_R:22;DNg13_L:21;DNg97_R:19;DNbe007_R:19;DNg84_R:17;DNg65_L:16;DNg16_R:16;DNg68_R:15;DNbe007_L:12;DNb05_R:12;DNb05_L:10;DNa02_L:8
SA_VTV_pro_meso_meta:right,sensory_ascending,right,45,100,1,9.7,12,13,6.5,0,0,0,0,0,11,7.0,15,6.0,17,17,12,18,0,0,0,0,0,0,686,28,0,0,2,2,2,3,2,2,3,3,2,3,3,3,
SA_VTV_pro_meso_meta:right,sensory_ascending,right,45,200,1,7.3,12,22,2.5,0,0,0,0,0,17,4.0,28,1.0,14,14,8.0,21,0,0,0,0,0,0,4540,68,236400,1,2,2,2,3,2,2,3,3,2,3,3,3,DNpe007_R:98;DNg103_R:66;DNb05_R:57;DNpe007_L:55;DNb05_L:49;DNg103_L:47;DNg35_R:46;DNg13_L:35;DNbe007_R:34;DNbe007_L:34;DNge037_L:24;DNge037_R:23;DNp32_L:22;DNp31_R:21;DNp31_L:20;DNpe002_R:19;DNg56_R:19;DNc01_R:19;DNpe002_L:18;DNp05_R:18
SA_DMT_ADMN_1:left,sensory_ascending,left,4,100,1,0,0,0,0,0,0,0,0,0,0,0,0,0,0,0,0,0,0,0,0,0,0,0,0,0,0,0,2,2,3,3,2,3,4,3,4,4,4,5,
SA_DMT_ADMN_1:left,sensory_ascending,left,4,200,1,0,0,0,0,0,0,0,0,0,0,0,0,0,0,0,0,0,0,0,0,0,0,0,3.0,0,0,0,2,2,3,3,2,3,4,3,4,4,4,5,DNp31_R:4
SA_DMT_ADMN_1:right,sensory_ascending,right,6,100,1,0,0,0,0,0,0,0,0,0,0,0,0,0,0,0,0,0,0,0,0,0,0,0,3.5,1.0,0,0,2,2,3,3,2,3,4,3,4,5,4,5,
SA_DMT_ADMN_1:right,sensory_ascending,right,6,200,1,0,0,0,0,0,0,0,0,0,0,0,0,0,0,0,0,0,0,0,0,0,0,0,6.5,1.0,0,0,2,2,3,3,2,3,4,3,4,5,4,5,DNp31_L:40;DNge093_R:2
SA_DMT_ADMN_10:left,sensory_ascending,left,3,100,1,0,0,0,0,0,0,0,0,0,0,0,0,0,0,0,0,0,0,0,0,0,0,0,0,0,0,0,2,3,3,3,2,3,3,3,3,4,4,4,
SA_DMT_ADMN_10:left,sensory_ascending,left,3,200,1,0,0,0,0,0,0,0,0,0,0,0,0,0,0,0,0,0,0,0,0,0,0,0,2.0,0,0,0,2,3,3,3,2,3,3,3,3,4,4,4,
SA_DMT_ADMN_10:right,sensory_ascending,right,2,100,1,0,0,0,0,0,0,0,0,0,0,0,0,0,0,0,0,0,0,0,0,0,0,0,3.5,0.5,0,0,2,2,3,3,3,3,3,3,4,5,4,4,
SA_DMT_ADMN_10:right,sensory_ascending,right,2,200,1,0,0,0,0,0,0,0,0,0,0,0,0,0,0,0,0,0,0,0,0,0,0,0,6.0,2.0,0,0,2,2,3,3,3,3,3,3,4,5,4,4,DNp31_L:25;DNge084_R:18
SA_DMT_ADMN_11:left,sensory_ascending,left,10,100,1,0,0,0,0,0,0,0,0,0,0,0,0,0,0,0,0,0,0,0,0,0,0,0,0,0,0,0,2,2,3,3,2,2,-1,-1,-1,-1,-1,-1,
SA_DMT_ADMN_11:left,sensory_ascending,left,10,200,1,0,0,0,0,0,0,0,0,0,0,0,0,0,0,0,0,0,0,0,0,0,0,0,5.0,0,0,0,2,2,3,3,2,2,-1,-1,-1,-1,-1,-1,
SA_DMT_ADMN_11:right,sensory_ascending,right,11,100,1,0,0,0,0,0,0,0,0,0,0,0,0,0,0,0,0,0,0,0,0,0,0,0,4.0,0,0,0,2,2,2,3,2,3,3,3,4,3,4,5,
SA_DMT_ADMN_11:right,sensory_ascending,right,11,200,1,0,0,0,0,0,0,0,0,0,0,0,0,0,0,0,0,0,0,0,0,0,0,0,7.0,0,0,0,2,2,2,3,2,3,3,3,4,3,4,5,
SA_DMT_ADMN_2:left,sensory_ascending,left,2,100,1,0,0,0,0,0,0,0,0,0,0,0,0,0,0,0,0,0,0,0,0,0,0,0,0,0,0,0,2,2,3,2,2,2,3,2,3,2,3,4,
SA_DMT_ADMN_2:left,sensory_ascending,left,2,200,1,0,0,0,0,0,0,0,0,0,0,0,0,0,0,0,0,0,0,0,0,0,0,0,1.0,0,0,0,2,2,3,2,2,2,3,2,3,2,3,4,
SA_DMT_ADMN_2:right,sensory_ascending,right,2,100,1,0,0,0,0,0,0,0,0,0,0,0,0,0,0,0,0,0,0,0,0,0,0,0,2.0,0,0,0,2,2,2,3,2,3,3,2,4,3,4,4,
SA_DMT_ADMN_2:right,sensory_ascending,right,2,200,1,0,0,0,0,0,0,0,0,0,0,0,0,0,0,0,0,0,0,0,0,0,0,0,8.5,0,0,0,2,2,2,3,2,3,3,2,4,3,4,4,
SA_DMT_ADMN_3:left,sensory_ascending,left,2,100,1,0,0,0,0,0,0,0,0,0,0,0,0,0,0,0,0,0,0,0,0,0,0,0,0,0,0,0,2,3,3,3,3,2,-1,-1,-1,-1,-1,-1,
SA_DMT_ADMN_3:left,sensory_ascending,left,2,200,1,0,0,0,0,0,0,0,0,0,0,0,0,0,0,0,0,0,0,0,0,0,0,0,0,0,0,0,2,3,3,3,3,2,-1,-1,-1,-1,-1,-1,
SA_DMT_ADMN_3:right,sensory_ascending,right,3,100,1,0,0,0,0,0,0,0,0,0,0,0,0,0,0,0,0,0,0,0,0,0,0,0,4.5,0,0,0,2,2,3,3,3,3,3,3,4,5,4,5,
SA_DMT_ADMN_3:right,sensory_ascending,right,3,200,1,0,0,0,0,0,0,0,0,0,0,0,0,0,0,0,0,0,0,0,0,0,0,0,13,0,0,0,2,2,3,3,3,3,3,3,4,5,4,5,DNge084_R:3
SA_DMT_ADMN_4:right,sensory_ascending,right,2,100,1,0,0,0,0,0,0,0,0,0,0,0,0,0,0,0,0,0,0,0,0,0,0,0,1.0,0,0,0,2,2,2,3,2,3,3,3,3,3,4,4,
SA_DMT_ADMN_4:right,sensory_ascending,right,2,200,1,0,0,0,0,0,0,0,0,0,0,0,0,0,0,0,0,0,0,0,0,0,0,0,7.5,1.0,0,0,2,2,2,3,2,3,3,3,3,3,4,4,DNg07_R:2
SA_DMT_ADMN_5:left,sensory_ascending,left,3,100,1,0,0,0,0,0,0,0,0,0,0,0,0,0,0,0,0,0,0,0,0,0,0,0,0,0,0,0,2,2,3,3,3,3,4,4,5,5,4,5,
SA_DMT_ADMN_5:left,sensory_ascending,left,3,200,1,0,0,0,0,0,0,0,0,0,0,0,0,0,0,0,0,0,0,0,0,0,0,0,0.5,0,0,0,2,2,3,3,3,3,4,4,5,5,4,5,
SA_DMT_ADMN_5:right,sensory_ascending,right,4,100,1,0,0,0,0,0,0,0,0,0,0,0,0,0,0,0,0,0,0,0,0,0,0,0,1.0,0,0,0,2,2,2,3,3,3,-1,-1,-1,-1,-1,-1,
SA_DMT_ADMN_5:right,sensory_ascending,right,4,200,1,0,0,0,0,0,0,0,0,0,0,0,0,0,0,0,0,0,0,0,0,0,0,0,2.0,1.0,0,0,2,2,2,3,3,3,-1,-1,-1,-1,-1,-1,DNge107_R:25
SA_DMT_ADMN_6:right,sensory_ascending,right,3,100,1,0,0,0,0,0,0,0,0,0,0,0,0,0,0,0,0,0,0,0,0,0,0,0,0,0,0,0,2,3,3,3,2,3,4,4,5,5,4,5,
SA_DMT_ADMN_6:right,sensory_ascending,right,3,200,1,0,0,0,0,0,0,0,0,0,0,0,0,0,0,0,0,0,0,0,0,0,0,0,4.0,0.5,0,0,2,3,3,3,2,3,4,4,5,5,4,5,DNa10_R:9
SA_DMT_ADMN_7:left,sensory_ascending,left,5,100,1,0,0,0,0,0,0,0,0,0,0,0,0,0,0,0,0,0,0,0,0,0,0,0,0,0,0,0,3,2,3,3,2,3,-1,-1,-1,-1,-1,-1,
SA_DMT_ADMN_7:left,sensory_ascending,left,5,200,1,0,0,0,0,0,0,0,0,0,0,0,0,0,0,0,0,0,0,0,0,0,0,0,0,0,0,0,3,2,3,3,2,3,-1,-1,-1,-1,-1,-1,
SA_DMT_ADMN_7:right,sensory_ascending,right,5,100,1,0,0,0,0,0,0,0,0,0,0,0,0,0,0,0,0,0,0,0,0,0,0,0,0,0,0,0,2,3,3,3,3,3,-1,-1,-1,-1,-1,-1,
SA_DMT_ADMN_7:right,sensory_ascending,right,5,200,1,0,0,0,0,0,0,0,0,0,0,0,0,0,0,0,0,0,0,0,0,0,0,0,0,0,0,0,2,3,3,3,3,3,-1,-1,-1,-1,-1,-1,
SA_DMT_ADMN_8:left,sensory_ascending,left,2,100,1,0,0,0,0,0,0,0,0,0,0,0,0,0,0,0,0,0,0,0,0,0,0,0,0,0,0,0,3,2,3,2,2,3,-1,-1,-1,-1,-1,-1,
SA_DMT_ADMN_8:left,sensory_ascending,left,2,200,1,0,0,0,0,0,0,0,0,0,0,0,0,0,0,0,0,0,0,0,0,0,0,0,0,0,0,0,3,2,3,2,2,3,-1,-1,-1,-1,-1,-1,
SA_DMT_ADMN_8:right,sensory_ascending,right,2,100,1,0,0,0,0,0,0,0,0,0,0,0,0,0,0,0,0,0,0,0,0,0,0,0,0,0,0,0,2,2,2,3,2,3,3,3,4,3,3,4,
SA_DMT_ADMN_8:right,sensory_ascending,right,2,200,1,0,0,0,0,0,0,0,0,0,0,0,0,0,0,0,0,0,0,0,0,0,0,0,2.5,0,0,0,2,2,2,3,2,3,3,3,4,3,3,4,
SA_DMT_ADMN_9:left,sensory_ascending,left,3,100,1,0,0,0,0,0,0,0,0,0,0,0,0,0,0,0,0,0,0,0,0,0,0,0,0,0,0,0,2,3,3,3,2,3,-1,-1,-1,-1,-1,-1,
SA_DMT_ADMN_9:left,sensory_ascending,left,3,200,1,0,0,0,0,0,0,0,0,0,0,0,0,0,0,0,0,0,0,0,0,0,0,0,0,0,0,0,2,3,3,3,2,3,-1,-1,-1,-1,-1,-1,
SA_DMT_ADMN_9:right,sensory_ascending,right,4,100,1,0,0,0,0,0,0,0,0,0,0,0,0,0,0,0,0,0,0,0,0,0,0,0,0,0,0,0,2,2,3,3,2,3,3,3,3,4,4,5,
SA_DMT_ADMN_9:right,sensory_ascending,right,4,200,1,0,0,0,0,0,0,0,0,0,0,0,0,0,0,0,0,0,0,0,0,0,0,0,0,0,0,0,2,2,3,3,2,3,3,3,3,4,4,5,
SA_DMT_DMetaN_12:left,sensory_ascending,left,15,100,1,0,0,0,0,0,0,0,0,0,0,0,0,0,0,0,0,0,0,0,0,0,0,0,0,0,0,0,2,2,3,3,2,3,4,4,5,3,5,5,
SA_DMT_DMetaN_12:left,sensory_ascending,left,15,200,1,0,0,0,0,0,0,0,0,0,0,0,0,0,0,0,0,0,0,0,0,0,0,0,1.0,0,0,0,2,2,3,3,2,3,4,4,5,3,5,5,
SA_DMT_DMetaN_12:right,sensory_ascending,right,47,100,1,0,0,0,0,0,0,0,0,0,0,0,0,0,0,0,0,0,0,0,0,0,0,0,3.0,0,0,0,2,2,3,3,2,3,3,2,3,4,4,5,
SA_DMT_DMetaN_12:right,sensory_ascending,right,47,200,1,0,0,0,0,0,0,0,0,0,0,0,0,0,0,0,0,0,0,0,0,0,0,0,7.5,0,0,0,2,2,3,3,2,3,3,2,3,4,4,5,
SA_DMT_DMetaN_3:right,sensory_ascending,right,2,100,1,0,0,0,0,0,0,0,0,0,0,0,0,0,0,0,0,0,0,0,0,0,0,0,1.0,0,0,0,3,3,3,3,2,3,5,5,6,6,5,6,
SA_DMT_DMetaN_3:right,sensory_ascending,right,2,200,1,0,0,0,0,0,0,0,0,0,0,0,0,0,0,0,0,0,0,0,0,0,0,0,1.0,0,0,0,3,3,3,3,2,3,5,5,6,6,5,6,
SA_DMT_DMetaN_4:left,sensory_ascending,left,2,100,1,0,0,0,0,0,0,0,0,0,0,0,0,0,0,0,0,0,0,0,0,0,0,0,0,0,0,0,3,2,3,4,2,4,3,3,3,5,4,5,
SA_DMT_DMetaN_4:left,sensory_ascending,left,2,200,1,0,0,0,0,0,0,0,0,0,0,0,0,0,0,0,0,0,0,0,0,0,0,0,0,0,0,0,3,2,3,4,2,4,3,3,3,5,4,5,
SA_DMT_DMetaN_4:right,sensory_ascending,right,3,100,1,0,0,0,0,0,0,0,0,0,0,0,0,0,0,0,0,0,0,0,0,0,0,0,0,0,0,0,3,2,3,3,2,3,3,2,3,4,4,5,
SA_DMT_DMetaN_4:right,sensory_ascending,right,3,200,1,0,0,0,0,0,0,0,0,0,0,0,0,0,0,0,0,0,0,0,0,0,0,0,0,0,0,0,3,2,3,3,2,3,3,2,3,4,4,5,
SA_DMT_DMetaN_5:left,sensory_ascending,left,2,100,1,0,0,0,0,0,0,0,0,0,0,0,0,0,0,0,0,0,0,0,0,0,0,0,0,0,0,0,2,2,3,3,1,3,-1,-1,-1,-1,-1,-1,
SA_DMT_DMetaN_5:left,sensory_ascending,left,2,200,1,0,0,0,0,0,0,0,0,0,0,0,0,0,0,0,0,0,0,0,0,0,0,0,0,0,0,0,2,2,3,3,1,3,-1,-1,-1,-1,-1,-1,
SA_DMT_DMetaN_5:right,sensory_ascending,right,2,100,1,0,0,0,0,0,0,0,0,0,0,0,0,0,0,0,0,0,0,0,0,0,0,0,0,0,0,0,3,2,3,3,2,3,-1,-1,-1,-1,-1,-1,
SA_DMT_DMetaN_5:right,sensory_ascending,right,2,200,1,0,0,0,0,0,0,0,0,0,0,0,0,0,0,0,0,0,0,0,0,0,0,0,0,0,0,0,3,2,3,3,2,3,-1,-1,-1,-1,-1,-1,
SA_DMT_DMetaN_6:left,sensory_ascending,left,5,100,1,0,0,0,0,0,0,0,0,0,0,0,0,0,0,0,0,0,0,0,0,0,0,0,0.5,0,0,0,2,2,3,3,3,3,-1,-1,-1,-1,-1,-1,
SA_DMT_DMetaN_6:left,sensory_ascending,left,5,200,1,0,0,0,0,0,0,0,0,0,0,0,0,0,0,0,0,0,0,0,0,0,0,0,1.5,0,0,0,2,2,3,3,3,3,-1,-1,-1,-1,-1,-1,
SA_DMT_DMetaN_6:right,sensory_ascending,right,5,100,1,0,0,0,0,0,0,0,0,0,0,0,0,0,0,0,0,0,0,0,0,0,0,0,0,0,0,0,3,2,3,3,3,3,-1,-1,-1,-1,-1,-1,
SA_DMT_DMetaN_6:right,sensory_ascending,right,5,200,1,0,0,0,0,0,0,0,0,0,0,0,0,0,0,0,0,0,0,0,0,0,0,0,0,0,0,0,3,2,3,3,3,3,-1,-1,-1,-1,-1,-1,
SA_DMT_DMetaN_8:left,sensory_ascending,left,6,100,1,0,0,0,0,0,0,0,0,0,0,0,0,0,0,0,0,0,0,0,0,0,0,0,0,0,0,0,2,2,3,3,1,3,-1,-1,-1,-1,-1,-1,
SA_DMT_DMetaN_8:left,sensory_ascending,left,6,200,1,0,0,0,0,0,0,0,0,0,0,0,0,0,0,0,0,0,0,0,0,0,0,0,0,0,0,0,2,2,3,3,1,3,-1,-1,-1,-1,-1,-1,
SA_DMT_DMetaN_8:right,sensory_ascending,right,6,100,1,0,0,0,0,0,0,0,0,0,0,0,0,0,0,0,0,0,0,0,0,0,0,0,2.5,0,0,0,2,2,2,2,2,3,2,3,3,4,3,4,
SA_DMT_DMetaN_8:right,sensory_ascending,right,6,200,1,0,0,0,0,0,0,0,0,0,0,0,0,0,0,0,0,0,0,0,0,0,0,0,5.0,0,0,0,2,2,2,2,2,3,2,3,3,4,3,4,
SA_DMT_DMetaN_9:right,sensory_ascending,right,6,100,1,0,0,0,0,0,0,0,0,0,0,0,0,0,0,0,0,0,0,0,0,0,0,0,0,0,0,0,-1,-1,-1,-1,-1,-1,-1,-1,-1,-1,-1,-1,
SA_DMT_DMetaN_9:right,sensory_ascending,right,6,200,1,0,0,0,0,0,0,0,0,0,0,0,0,0,0,0,0,0,0,0,0,0,0,0,0,0,0,0,-1,-1,-1,-1,-1,-1,-1,-1,-1,-1,-1,-1,
SA_MDA_1:left,sensory_ascending,left,2,100,1,0,0,0,0,0,0,0,0,0,0,0,0,0,0,0,0,0,0,0,0,0,0,0,14,0,0,0,3,3,3,3,2,2,4,3,4,4,3,2,
SA_MDA_1:left,sensory_ascending,left,2,200,1,0,0,0,0,0,0,0,0,0,0,0,0,0,0,0,0,0,0,0,0,0,0,0,21,0,0,0,3,3,3,3,2,2,4,3,4,4,3,2,
SA_MDA_1:right,sensory_ascending,right,2,100,1,0,0,0,0,0,0,0,0,0,0,0,0,0,0,0,0,0,0,0,0,0,0,0,9.0,0,0,0,3,3,3,3,2,2,3,3,3,4,3,2,
SA_MDA_1:right,sensory_ascending,right,2,200,1,0,0,0,0,0,0,0,0,0,0,0,0,0,0,0,0,0,0,0,0,0,0,0,17,0,0,0,3,3,3,3,2,2,3,3,3,4,3,2,
SA_MDA_2:left,sensory_ascending,left,2,100,1,0,0,0,0,0,0,0,0,0,0,0,0,0,0,0,0,0,0,0,0,0,0,0,0,0,0,0,-1,-1,-1,-1,-1,-1,-1,-1,-1,-1,-1,-1,
SA_MDA_2:left,sensory_ascending,left,2,200,1,0,0,0,0,0,0,0,0,0,0,0,0,0,0,0,0,0,0,0,0,0,0,0,0,0,0,0,-1,-1,-1,-1,-1,-1,-1,-1,-1,-1,-1,-1,
SA_MDA_2:right,sensory_ascending,right,3,100,1,0,0,0,0,0,0,0,0,0,0,0,0,0,0,0,0,0,0,0,0,0,0,0,0,0,0,0,-1,-1,-1,-1,-1,-1,-1,-1,-1,-1,-1,-1,
SA_MDA_2:right,sensory_ascending,right,3,200,1,0,0,0,0,0,0,0,0,0,0,0,0,0,0,0,0,0,0,0,0,0,0,0,0,0,0,0,-1,-1,-1,-1,-1,-1,-1,-1,-1,-1,-1,-1,
SA_MDA_4:left,sensory_ascending,left,3,100,1,0,0,0,0,0,0,0,0,0,0,0,0,0,0,0,0,0,0,0,0,0,0,0,3.5,0,0,0,2,2,2,3,2,2,4,4,4,4,4,3,
SA_MDA_4:left,sensory_ascending,left,3,200,1,0,0,0,0,0,0,0,0,0,0,0,0,0,0,0,0,0,0,0,0,0,0,0,5.5,0,0,0,2,2,2,3,2,2,4,4,4,4,4,3,DNg80_L:8;DNg26_R:0
SA_MDA_4:right,sensory_ascending,right,3,100,1,0,0,0,0,0,0,0,0,0,0,0,0,0,0,0,0,0,0,0,0,0,0,0,1.0,0,0,0,2,3,3,3,2,3,3,3,3,3,3,3,
SA_MDA_4:right,sensory_ascending,right,3,200,1,0,0,0,0,0,0,0,0,0,0,0,0,0,0,0,0,0,0,0,0,0,0,0,4.5,0,0,0,2,3,3,3,2,3,3,3,3,3,3,3,DNg80_R:2
SA_VTV_1:left,sensory_ascending,left,2,100,1,0,0,0,0,0,0,0,0,0,0,0,0,0,0,0,0,0,0,0,0,0,0,0,12,0,0,0,2,2,2,2,2,3,3,3,2,3,3,3,
SA_VTV_1:left,sensory_ascending,left,2,200,1,0,0,0,0,0,0,0,0,0,0,0,0,0,0,0,0,0,0,0,0,0,0,0,23,0,0,0,2,2,2,2,2,3,3,3,2,3,3,3,
SA_VTV_1:right,sensory_ascending,right,2,100,1,0,0,0,0,0,0,0,0,0,0,0,0,0,0,0,0,0,0,0,0,0,0,0,11,0,0,0,2,2,2,3,2,3,3,3,2,3,3,3,
SA_VTV_1:right,sensory_ascending,right,2,200,1,0,0,0,0,0,0,0,0,0,0,0,0,0,0,0,0,0,0,0,0,0,0,0,19,0,0,0,2,2,2,3,2,3,3,3,2,3,3,3,
SA_VTV_10:left,sensory_ascending,left,5,100,1,0,0,0,0,0,0,0,0,0,0,0,0,0,0,0,0,0,0,0,0,0,0,0,2.0,0,0,0,3,3,3,3,2,3,3,4,4,4,3,3,
SA_VTV_10:left,sensory_ascending,left,5,200,1,0,0,0,0,0,0,0,0,0,0,0,0,0,0,0,0,0,0,0,0,0,0,0,5.5,0,0,0,3,3,3,3,2,3,3,4,4,4,3,3,
SA_VTV_10:right,sensory_ascending,right,4,100,1,0,0,0,0,0,0,0,0,0,0,0,0,0,0,0,0,0,0,0,0,0,0,0,4.0,0,0,0,3,3,3,3,2,3,4,4,4,4,3,3,
SA_VTV_10:right,sensory_ascending,right,4,200,1,0,0,0,0,0,0,0,0,0,0,0,0,0,0,0,0,0,0,0,0,0,0,0,7.0,0,0,0,3,3,3,3,2,3,4,4,4,4,3,3,
SA_VTV_2:left,sensory_ascending,left,6,100,1,0,0,0,0,0,0,0,0,0,0,0,0,0,0,0,0,0,0,0,0,0,0,0,32,2.0,0,0,3,2,3,3,2,3,3,3,3,4,3,3,
SA_VTV_2:left,sensory_ascending,left,6,200,1,0,0,0,0,0,0,0,0,1.5,0,0,0,0,0,0,0,0,0,0,0,0,0,0,104,6.0,0,0,3,2,3,3,2,3,3,3,3,4,3,3,DNg103_L:69;DNg103_R:52;DNg28_L:14;DNg47_L:10;DNge042_L:9;DNge031_L:9;DNg96_L:9;DNde002_L:8;DNge173_L:4;DNge101_L:3;DNge174_L:1;DNge173_R:1;DNg28_R:1
SA_VTV_2:right,sensory_ascending,right,6,100,1,0,0,0,0,0,0,0,0,0,0,0,0,0,0,0,0,0,0,0,0,0,0,0,22,2.0,0,0,3,3,3,3,2,3,3,3,3,4,3,3,
SA_VTV_2:right,sensory_ascending,right,6,200,1,0,0,0,0,0,0,0,0,0,0,0,0,0,0,0,0,0,0,0,0,0,0,0,30,2.0,0,0,3,3,3,3,2,3,3,3,3,4,3,3,DNg103_R:57;DNg103_L:54
SA_VTV_3:left,sensory_ascending,left,3,100,1,0,0,0,0,0,0,0,0,0,0,0,0,0,0,0,0,0,0,0,0,0,0,0,6.0,0,0,0,2,2,2,3,2,3,3,3,2,3,4,4,
SA_VTV_3:left,sensory_ascending,left,3,200,1,0,0,0,0,0,0,0,0,0,0,0,0,0,0,0,0,0,0,0,0,0,0,0,12,0.5,0,0,2,2,2,3,2,3,3,3,2,3,4,4,DNpe007_R:7
SA_VTV_3:right,sensory_ascending,right,4,100,1,0,0,0,0,0,0,0,0,0,0,0,0,0,0,0,0,0,0,0,0,0,0,0,8.5,0,0,0,2,2,2,3,2,3,3,3,2,3,4,4,
SA_VTV_3:right,sensory_ascending,right,4,200,1,0,0,0,0,0,0,0,0,0,0,0,0,0,0,0,0,0,0,0,0,0,0,0,28,1.0,0,0,2,2,2,3,2,3,3,3,2,3,4,4,DNp42_R:11;DNg65_R:5;DNpe007_R:2
SA_VTV_4:left,sensory_ascending,left,9,100,1,0,0,0,0,0,0,0,0,0,0,0,0,0,0,0,0,0,0,0,0,0,0,0,22,1.5,0,0,2,2,2,3,2,3,3,3,2,3,3,3,
SA_VTV_4:left,sensory_ascending,left,9,200,1,0,0,0,0,0,0,0,0,0,0,0,0,0,0,0,0,0,0,0,0,0,0,0,36,4.0,0,0,2,2,2,3,2,3,3,3,2,3,3,3,DNpe007_L:47;DNg65_L:37;DNp42_R:22;DNg65_R:16;DNp42_L:3
SA_VTV_4:right,sensory_ascending,right,9,100,1,0,0,0,0,0,0,0,0,0,0,0,0,0,0,0,0,0,0,0,0,0,0,0,24,3.0,0,0,2,2,2,3,2,3,3,3,2,3,3,3,
SA_VTV_4:right,sensory_ascending,right,9,200,1,0,0,0,0,0,0,0,0,0,0,0,0,0,0,0,0,0,0,0,0,0,0,0,39,5.0,0,0,2,2,2,3,2,3,3,3,2,3,3,3,DNpe007_R:72;DNg65_R:41;DNp42_R:35;DNpe007_L:24;DNg68_L:12;DNg65_L:1
SA_VTV_5:left,sensory_ascending,left,7,100,1,4.0,3.3,2.0,2.0,0,0,0,0,0,3.0,2.0,1.0,2.0,6.0,6.0,6.0,4.0,0,0,0,0,0,0,1868,8.0,240340,1,3,2,3,3,2,3,4,4,3,4,4,3,
SA_VTV_5:left,sensory_ascending,left,7,200,1,8.7,12,12,4.0,0,0,0,0,0,12,2.0,12,6.0,16,17,10,18,0,0,0,0,0,0,616,22,0,0,3,2,3,3,2,3,4,4,3,4,4,3,DNge053_L:29;DNge053_R:24;DNg35_R:22;DNbe007_R:21;DNb05_R:21;DNg84_R:19;DNg13_L:19;DNbe007_L:19;DNg97_R:18;DNg16_R:18;DNg16_L:17;DNg100_R:17;DNg100_L:16;DNb05_L:16;DNg13_R:15;DNge018_R:12;DNa02_L:12;DNa01_L:12;DNae002_L:7;DNg111_L:6
SA_VTV_5:right,sensory_ascending,right,7,100,1,7.0,10,11,3.5,0,0,0,0,0,11,3.0,11,4.0,13,15,8.0,16,0,0,0,0,0,0,542,20,5860,0,2,2,2,3,2,3,4,4,4,4,5,4,
SA_VTV_5:right,sensory_ascending,right,7,200,1,10,16,22,6.0,0,0,0,0,0,16,8.0,27,4.0,23,23,8.0,24,0,0,0,0,0,0,624,30,11380,0,2,2,2,3,2,3,4,4,4,4,5,4,DNge053_L:42;DNge053_R:36;DNbe007_R:32;DNbe007_L:31;DNb05_R:31;DNb05_L:31;DNg35_R:29;DNa02_L:27;DNg84_R:25;DNg13_L:25;DNg97_R:24;DNg100_R:23;DNg100_L:23;DNg16_R:21;DNge037_R:19;DNg111_L:19;DNge018_R:16;DNae002_L:10;DNa01_L:9;DNg96_L:8
SA_VTV_6:left,sensory_ascending,left,4,100,1,0,0,0,0,0,0,0,0,0,0,0,0,0,0,0,0,0,0,0,0,0,0,0,3.0,0,0,0,2,3,2,2,2,2,3,3,3,3,3,3,
SA_VTV_6:left,sensory_ascending,left,4,200,1,0,0,0,0,0,0,0,0,0,0,0,0,0,0,0,0,0,0,0,0,0,0,0,7.0,1.0,0,0,2,3,2,2,2,2,3,3,3,3,3,3,DNge038_R:25;DNpe007_L:3
SA_VTV_6:right,sensory_ascending,right,8,100,1,0,0,0,0,0,0,0,0,0,0,0,0,0,0,0,0,0,0,0,0,0,0,0,4.0,0,0,0,2,2,2,3,2,2,3,3,3,3,3,3,
SA_VTV_6:right,sensory_ascending,right,8,200,1,0,0,0,0,0,0,0,0,0,0,0,0,0,0,0,0,0,0,0,0,0,0,0,22,4.0,0,0,2,2,2,3,2,2,3,3,3,3,3,3,DNpe007_R:32;DNge038_R:18;DNge038_L:18;DNp42_R:11;DNpe007_L:6
SA_VTV_9:left,sensory_ascending,left,3,100,1,0,0,0,0,0,0,0,0,0,0,0,0,0,0,0,0,0,0,0,0,0,0,0,17,0,0,0,2,2,3,2,2,3,3,3,3,3,3,3,
SA_VTV_9:left,sensory_ascending,left,3,200,1,0,0,0,0,0,0,0,0,0,0,0,0,0,0,0,0,0,0,0,0,0,0,0,28,0,0,0,2,2,3,2,2,3,3,3,3,3,3,3,
SA_VTV_9:right,sensory_ascending,right,3,100,1,0,0,0,0,0,0,0,0,0,0,0,0,0,0,0,0,0,0,0,0,0,0,0,16,0,0,0,2,3,2,3,3,3,3,3,3,4,3,3,
SA_VTV_9:right,sensory_ascending,right,3,200,1,0,0,0,0,0,0,0,0,0,0,0,0,0,0,0,0,0,0,0,0,0,0,0,29,0,0,0,2,3,2,3,3,3,3,3,3,4,3,3,
SA_VTV_PDMN_1:left,sensory_ascending,left,2,100,1,0,0,0,0,0,0,0,0,0,0,0,0,0,0,0,0,0,0,0,0,0,0,0,2.5,0,0,0,2,2,2,3,2,2,3,3,3,3,3,3,
SA_VTV_PDMN_1:left,sensory_ascending,left,2,200,1,0,0,0,0,0,0,0,0,0,0,0,0,0,0,0,0,0,0,0,0,0,0,0,20,1.5,0,0,2,2,2,3,2,2,3,3,3,3,3,3,DNg65_L:18;DNg65_R:9;DNpe049_R:5;DNpe049_L:5;DNp42_L:3
SA_VTV_PDMN_1:right,sensory_ascending,right,2,100,1,0,0,0,0,0,0,0,0,0,0,0,0,0,0,0,0,0,0,0,0,0,0,0,5.0,0,0,0,2,2,2,3,2,2,3,3,3,3,3,3,
SA_VTV_PDMN_1:right,sensory_ascending,right,2,200,1,0,0,0,0,0,0,0,0,0,0,0,0,0,0,0,0,0,0,0,0,0,0,0,18,3.0,0,0,2,2,2,3,2,2,3,3,3,3,3,3,DNg65_L:27;DNpe049_L:21;DNg65_R:16;DNpe049_R:4;DNg68_L:3;DNp42_R:1;DNp42_L:1
body_mech:left,sensory_ascending,left,193,100,1,0,0,0,0,0,0,0,0,0,0,0,0,0,0,0,0,0,0,0,0,0,0,0,37,0,0,0,2,2,2,2,1,2,3,2,3,2,2,2,
body_mech:left,sensory_ascending,left,193,200,1,0,0,0,0,0,0,0,0,0,0,0,0,0,0,0,0,0,0,0,0,0,0,0,86,4.0,0,0,2,2,2,2,1,2,3,2,3,2,2,2,DNg80_L:22;DNge084_L:18;DNg65_L:16;DNg62_R:13;DNg80_R:7;DNpe049_L:6;DNg65_R:6;DNpe049_R:5;DNp42_L:4;DNg68_R:3;DNa16_R:3;DNp42_R:2;DNd04_L:1
body_mech:right,sensory_ascending,right,302,100,1,0,0,0,3.0,0,0,0,0,0,0,0,0,6.0,0,0,0,0,0,0,0,0,0,0,110,5.5,0,0,2,2,2,2,2,2,2,2,3,3,2,2,
body_mech:right,sensory_ascending,right,302,200,1,0,0,2.0,2.5,0,0.5,0,0,0,1.0,0,3.0,5.0,0,0,0,0,0,0,0,0.5,0,0,215,19,0,0,2,2,2,2,2,2,2,2,3,3,2,2,DNge084_R:58;DNa10_R:30;DNg65_L:26;DNp31_L:24;DNp73_R:23;DNge107_R:20;DNpe049_L:19;DNa16_R:19;DNge093_R:18;DNge140_R:17;DNa16_L:16;DNg65_R:15;DNa11_L:12;DNg07_R:12;DNd04_L:11;DNae002_R:10;DNg68_R:7;DNg13_L:4;DNae005_L:4;DNa02_R:4
AN_AVLP:left,ascending,left,92,100,1,38,28,1.5,41,0,0,0,0,0,3.0,42,0,40,67,63,47,21,0,0,0,0,0,0,830,55,0,0,1,1,2,1,2,2,1,2,2,2,2,3,
AN_AVLP:left,ascending,left,92,200,1,55,42,2.5,64,0,0,0.5,0,0,4.0,53,1.0,74,97,94,67,33,2.0,0,0,0,0,1.0,1394,106,0,0,1,1,2,1,2,2,1,2,2,2,2,3,DNg100_L:97;DNg100_R:94;DNp12_L:78;DNge050_L:78;DNa02_R:74;DNge050_R:72;DNg97_L:67;DNg75_R:67;DNg13_R:67;DNp66_L:65;DNb08_R:64;DNge018_R:60;DNg55_C:60;DNge007_R:56;DNp45_L:55;DNa01_R:53;DNg30_L:50;DNg43_R:45;DNg16_R:26;DNg52_R:24
AN_AVLP:right,ascending,right,97,100,1,29,34,34,9.0,0,1.0,0,0,0,31,8.0,36,10,61,56,27,47,0,0,0,1.0,0,0,867,70,0,0,1,2,2,2,2,2,1,2,2,2,2,3,
AN_AVLP:right,ascending,right,97,200,1,31,44,56,2.0,2.5,4.5,0,0,0,50,2.0,63,2.0,70,68,23,63,0,2.0,2.5,4.5,0,0,1180,103,0,0,1,2,2,2,2,2,1,2,2,2,2,3,DNp12_R:105;DNp73_R:85;DNge050_L:73;DNg100_L:70;DNg100_R:68;DNg97_R:63;DNa02_L:63;DNp66_R:59;DNp45_R:56;DNge053_L:56;DNge050_R:54;DNge053_R:53;DNg13_L:52;DNa01_L:50;DNp64_R:49;DNge119_R:49;DNg55_C:48;DNpe042_R:27;DNa13_L:26;DNge049_R:23
AN_AVLP_GNG:left,ascending,left,33,100,1,0.7,0.7,0,0.5,0,0,0,0,0,0,1.0,0,0,1.0,1.0,1.0,1.0,0,0,0,0,0,0,136,9.0,0,0,1,2,2,1,1,2,2,2,2,1,2,2,
AN_AVLP_GNG:left,ascending,left,33,200,1,2.3,3.3,0.5,0,0,0,0,0,0,1.0,0,0,0,4.0,4.0,3.0,6.0,0,0,0,0,0,0,282,16,0,0,1,2,2,1,1,2,2,2,2,1,2,2,DNp13_L:103;DNpe050_L:48;DNp55_L:42;DNg74_b_L:42;DNge131_R:41;DNge049_L:40;DNg74_b_R:39;DNge049_R:37;DNpe056_L:32;DNge119_L:32;DNp12_L:24;DNg93_R:16;DNge119_R:15;DNa04_L:12;DNp13_R:10;DNae002_L:9;DNp36_L:8;DNpe030_R:7;DNpe030_L:5;DNp66_L:4
AN_AVLP_GNG:right,ascending,right,35,100,1,7.7,6.7,2.0,4.5,0,0,0,0,0,0,4.0,4.0,5.0,13,11,10,9.0,0,0,0,0,0,0,250,13,0,0,1,2,2,1,2,2,2,2,2,1,2,2,
AN_AVLP_GNG:right,ascending,right,35,200,1,17,14,0.5,8.5,0,0,0.5,0,0,1.0,10,0,7.0,24,23,28,18,0,0,0,0,0,1.0,404,34,290,0,1,2,2,1,2,2,2,2,2,1,2,2,DNp13_R:116;DNp55_R:56;DNge131_L:47;DNge119_R:46;DNpe050_R:38;DNpe056_R:36;DNpe042_R:36;DNge049_L:35;DNg74_b_L:33;DNge053_R:29;DNg97_L:28;DNge049_R:27;DNge053_L:24;DNge050_L:24;DNg100_L:24;DNp12_R:23;DNg100_R:23;DNge050_R:19;DNg97_R:18;DNp34_L:10
AN_AVLP_PVLP:left,ascending,left,10,100,1,21,18,8.5,21,0,0,0,0,0,0,24,17,18,30,29,29,24,4.0,0,0,0,0,0,444,51,250,0,1,1,1,2,2,2,2,1,2,2,3,2,
AN_AVLP_PVLP:left,ascending,left,10,200,1,61,38,12,55,0,0.5,0,0,0,0,56,24,54,84,80,64,33,35,0,0,0.5,0,0,903,106,0,0,1,1,1,2,2,2,2,1,2,2,3,2,DNpe056_L:98;DNg100_L:84;DNg100_R:80;DNge050_L:72;DNpe031_L:71;DNp13_L:66;DNg97_L:64;DNg90_L:62;DNge043_L:61;DNge050_R:60;DNp66_L:59;DNg75_L:56;DNa01_R:56;DNde002_L:55;DNa02_R:54;DNa13_R:52;DNp53_R:51;DNge018_R:49;DNg13_R:30;DNg75_R:27
AN_AVLP_PVLP:right,ascending,right,10,100,1,28,30,18,11,0,0,0,0,0,17,0,20,22,50,47,33,32,0,12,0,0,0,0,538,66,0,0,1,1,1,2,2,2,1,1,1,2,2,2,
AN_AVLP_PVLP:right,ascending,right,10,200,1,42,57,49,18,0.5,3.0,0,0,0,49,0,49,37,89,90,38,63,0,19,0.5,3.0,0,0,850,106,0,0,1,1,1,2,2,2,1,1,1,2,2,2,DNpe056_R:122;DNg100_R:90;DNg100_L:89;DNp34_L:87;DNg90_R:77;DNge050_L:74;DNp13_R:65;DNg97_R:63;DNg75_L:63;DNpe031_R:62;DNge043_R:60;DNge050_R:59;DNde002_R:58;DNge007_R:57;DNpe013_R:54;DNg13_L:53;DNp66_R:51;DNp43_R:51;DNp53_R:50;DNa06_L:26
AN_AVLP_SAD:left,ascending,left,6,100,1,0,0,0,0,0,0,0,0,0,0,0,0,0,0,0,0,0,0,0,0,0,0,0,16,0,0,0,2,2,2,2,2,2,3,3,3,2,2,3,
AN_AVLP_SAD:left,ascending,left,6,200,1,1.7,1.7,0,0,0,0,0,0,0,0,0,0,0,3.0,3.0,2.0,2.0,0,0,0,0,0,0,58,0,0,0,2,2,2,2,2,2,3,3,3,2,2,3,DNg108_R:6;DNge018_R:3;DNg16_R:3;DNg100_R:3;DNg100_L:3;DNge050_R:2;DNge050_L:2;DNge035_L:2;DNg97_R:2;DNg97_L:2;DNg75_R:2;DNg16_L:2;DNb08_R:2;DNge046_R:1;DNge046_L:1;DNge035_R:1;DNge026_R:1;DNge007_R:1;DNge004_L:1;DNg96_R:1
AN_AVLP_SAD:right,ascending,right,4,100,1,0,0,0,0,0,0,0,0,0,0,0,0,0,0,0,0,0,0,0,0,0,0,0,9.0,0,0,0,2,2,2,2,2,3,3,3,3,2,3,4,
AN_AVLP_SAD:right,ascending,right,4,200,1,1.7,1.7,0,0,0,0,0,0,0,0,0,0,0,3.0,3.0,2.0,2.0,0,0,0,0,0,0,58,0.5,0,0,2,2,2,2,2,3,3,3,3,2,3,4,DNg108_R:8;DNg100_R:3;DNg100_L:3;DNge050_R:2;DNge050_L:2;DNge035_R:2;DNge035_L:2;DNge018_R:2;DNg97_R:2;DNg97_L:2;DNg96_R:2;DNg75_R:2;DNg16_R:2;DNg16_L:2;DNb08_R:2;DNge046_R:1;DNge046_L:1;DNge007_R:1;DNg43_R:1
AN_FLA_GNG:left,ascending,left,3,100,1,0,0,0,0,0,0,0,0,0,0,0,0,0,0,0,0,0,0,0,0,0,0,0,3.0,0,0,0,2,2,2,2,2,2,3,3,3,3,2,3,
AN_FLA_GNG:left,ascending,left,3,200,1,0,0,0,0,0,0,0,0,0,0,0,0,0,0,0,0,0,0,0,0,0,0,0,5.0,0,0,0,2,2,2,2,2,2,3,3,3,3,2,3,DNge073_L:2
AN_FLA_GNG:right,ascending,right,3,100,1,0,0,0,0,0,0,0,0,0,0,0,0,0,0,0,0,0,0,0,0,0,0,0,3.0,0,0,0,2,2,2,3,2,3,3,3,3,4,4,3,
AN_FLA_GNG:right,ascending,right,3,200,1,0,0,0,0,0,0,0,0,0,0,0,0,0,0,0,0,0,0,0,0,0,0,0,6.5,0,0,0,2,2,2,3,2,3,3,3,3,4,4,3,DNg55_C:2;DNg74_b_R:1
AN_FLA_PRW:left,ascending,left,3,100,1,0,0,0,0,0,0,0,0,0,0,0,0,0,0,0,0,0,0,0,0,0,0,0,6.0,3.0,0,0,2,3,3,3,2,2,4,4,4,5,4,3,
AN_FLA_PRW:left,ascending,left,3,200,1,0,0,0,0,0,0,0,0,0,0,0,0,0,0,0,0,0,0,0,0,0,0,0,12,5.5,0,0,2,3,3,3,2,2,4,4,4,5,4,3,DNg26_L:46;DNg26_R:38;DNge005_L:16;DNg80_R:8
AN_FLA_PRW:right,ascending,right,3,100,1,0,0,0,0,0,0,0,0,0,0,0,0,0,0,0,0,0,0,0,0,0,0,0,8.0,4.0,0,0,2,3,3,3,2,2,4,4,4,5,4,3,
AN_FLA_PRW:right,ascending,right,3,200,1,0,0,0,0,0,0,0,0,0,0,0,0,0,0,0,0,0,0,0,0,0,0,0,11,5.0,0,0,2,3,3,3,2,2,4,4,4,5,4,3,DNg26_L:48;DNg26_R:44;DNg80_R:14;DNge005_L:5
AN_FLA_SMP:left,ascending,left,2,100,1,0,0,0,0,0,0,0,0,0,0,0,0,0,0,0,0,0,0,0,0,0,0,0,2.0,0,0,0,2,2,2,3,2,3,3,3,3,3,3,4,
AN_FLA_SMP:left,ascending,left,2,200,1,0,0,0,0,0,0,0,0,0,0,0,0,0,0,0,0,0,0,0,0,0,0,0,10,0,0,0,2,2,2,3,2,3,3,3,3,3,3,4,
AN_FLA_SMP:right,ascending,right,2,100,1,0,0,0,0,0,0,0,0,0,0,0,0,0,0,0,0,0,0,0,0,0,0,0,3.5,0,0,0,2,3,2,3,3,3,3,3,3,3,3,3,
AN_FLA_SMP:right,ascending,right,2,200,1,0,0,0,0,0,0,0,0,0,0,0,0,0,0,0,0,0,0,0,0,0,0,0,12,0,0,0,2,3,2,3,3,3,3,3,3,3,3,3,DNp37_R:4
AN_GNG:left,ascending,left,304,100,1,0,0,0,0,0,0,0,0.6,0.5,0,0,0,0,0,0,0,0,0,0,0,0,0,0,449,60,0,0,1,1,1,2,1,1,1,1,1,2,1,1,
AN_GNG:left,ascending,left,304,200,1,0,0,0,0,0,0,0,2.5,0.5,0,0,0,0,0,0,0,0,0,0,0,0,0,0,648,96,0,0,1,1,1,2,1,1,1,1,1,2,1,1,DNge096_L:112;DNge036_L:98;DNge031_L:98;DNge096_R:97;DNg105_L:96;DNge002_L:95;DNg108_L:93;DNg74_b_L:90;DNge139_L:88;DNge036_R:85;DNg108_R:83;DNge174_L:78;DNg105_R:78;DNde007_R:75;DNge128_L:74;DNge129_L:73;DNg74_a_L:73;DNg74_b_R:72;DNge062_L:36;DNg54_R:36
AN_GNG:right,ascending,right,349,100,1,0,0,0,0.5,0,0,0,1.0,1.0,0,0,0,1.0,0,0,0,0,0,0,0,0,0,0,608,78,0,0,1,1,1,2,1,1,1,1,1,2,1,1,
AN_GNG:right,ascending,right,349,200,1,0.3,0,0,0.5,0,0,0,4.4,0.5,0,0,0,1.0,0,0,1.0,0,0,0,0,0,0,0,842,128,0,0,1,1,1,2,1,1,1,1,1,2,1,1,DNge031_R:133;DNg74_b_R:128;DNg74_b_L:128;DNge139_R:125;DNge036_R:114;DNge096_R:109;DNg58_R:109;DNge096_L:102;DNge002_R:101;DNge037_R:89;DNge018_R:87;DNg54_R:86;DNge046_R:86;DNge131_L:85;DNge046_L:83;DNp42_R:82;DNge129_L:82;DNge036_L:82;DNg56_R:39;DNg78_R:38
AN_GNG_AMMC:left,ascending,left,3,100,1,0,0,0,0,0,0,0,0,0,0,0,0,0,0,0,0,0,0,0,0,0,0,0,0,0,0,0,-1,-1,-1,-1,-1,-1,-1,-1,-1,-1,-1,-1,
AN_GNG_AMMC:left,ascending,left,3,200,1,0,0,0,0,0,0,0,0,0,0,0,0,0,0,0,0,0,0,0,0,0,0,0,0,0,0,0,-1,-1,-1,-1,-1,-1,-1,-1,-1,-1,-1,-1,
AN_GNG_AMMC:right,ascending,right,3,100,1,0,0,0,0,0,0,0,0,0,0,0,0,0,0,0,0,0,0,0,0,0,0,0,0,0,0,0,-1,-1,-1,-1,-1,-1,-1,-1,-1,-1,-1,-1,
AN_GNG_AMMC:right,ascending,right,3,200,1,0,0,0,0,0,0,0,0,0,0,0,0,0,0,0,0,0,0,0,0,0,0,0,0,0,0,0,-1,-1,-1,-1,-1,-1,-1,-1,-1,-1,-1,-1,
AN_GNG_FLA:left,ascending,left,8,100,1,0,0,0,0,0,0,0,0,0,0,0,0,0,0,0,0,0,0,0,0,0,0,0,28,2.5,0,0,1,2,2,2,2,2,2,2,2,3,2,3,
AN_GNG_FLA:left,ascending,left,8,200,1,0,0,0,0,0,0,0,0,0,0,0,0,0,0,0,0,0,0,0,0,0,0,0,51,4.0,0,0,1,2,2,2,2,2,2,2,2,3,2,3,DNg103_L:65;DNg103_R:42;DNg68_R:32;DNg68_L:20;DNge142_L:2;DNge136_L:1
AN_GNG_FLA:right,ascending,right,9,100,1,0,0,0,0,0,0,0,0,0,0,0,0,0,0,0,0,0,0,0,0,0,0,0,14,2.0,0,0,2,2,2,2,2,2,2,2,3,3,2,2,
AN_GNG_FLA:right,ascending,right,9,200,1,0,0,0,0,0,0,0,0,0,0,0,0,0,0,0,0,0,0,0,0,0,0,0,32,3.0,0,0,2,2,2,2,2,2,2,2,3,3,2,2,DNg103_R:72;DNg103_L:57;DNg68_L:13;DNge136_R:3;DNde002_R:1
AN_GNG_IPS:left,ascending,left,26,100,1,0,0,0,0,0,0,0,0,0,0,0,0,0,0,0,0,0,0,0,0,0,0,0,24,1.5,0,0,1,1,1,2,1,2,2,1,2,3,2,3,
AN_GNG_IPS:left,ascending,left,26,200,1,0,0,6.5,0,0,0,0,0,0,0,0,13,0,0,0,0,0,0,0,0,0,0,0,44,9.0,0,0,1,1,1,2,1,2,2,1,2,3,2,3,DNg49_L:44;DNa16_R:29;DNge049_R:26;DNa10_L:24;DNge050_L:18;DNg88_L:15;DNa02_L:13;DNae009_L:11;DNge049_L:5;DNa13_L:5;DNg79_L:4;DNae006_L:3;DNg08_a_L:2;DNa04_R:1;DNg04_R:0
AN_GNG_IPS:right,ascending,right,36,100,1,0,0,0,12,0,0,0,0,0,0,5.0,0,18,0,0,0,0,0,0,0,0,0,0,196,9.5,0,0,1,1,1,2,1,2,2,1,2,3,1,3,
AN_GNG_IPS:right,ascending,right,36,200,1,0,0,0,21,0,0,0,0,0,0,16,0,26,0,0,0,0,0,0,0,0,0,0,342,18,0,0,1,1,1,2,1,2,2,1,2,3,1,3,DNg99_R:62;DNg88_R:55;DNge033_R:37;DNge070_R:34;DNge084_R:31;DNge043_R:31;DNa16_L:31;DNa02_R:26;DNpe013_R:16;DNa06_R:16;DNa01_R:16;DNpe004_R:12;DNa11_R:12;DNge006_R:11;DNp15_R:10;DNg89_R:9;DNb02_R:6;DNg41_R:5;DNa13_R:4;DNge007_R:4
AN_GNG_PRW:left,ascending,left,5,100,1,0,0,2.5,0,0,0,0,0,0,0,0,5.0,0,0,0,0,0,0,0,0,0,0,0,4.0,0,0,0,2,1,1,3,2,2,2,1,2,4,2,2,
AN_GNG_PRW:left,ascending,left,5,200,1,0,0,8.5,0,0,0,0,0,0,0,0,17,0,0,0,0,0,0,0,0,0,0,0,6.5,4.0,0,0,2,1,1,3,2,2,2,1,2,4,2,2,DNa13_L:19;DNg88_L:17;DNa02_L:17
AN_GNG_PRW:right,ascending,right,5,100,1,0,0,0,2.0,0,0,0,0,0,0,0,0,4.0,0,0,0,0,0,0,0,0,0,0,6.0,2.0,0,0,2,1,1,3,2,2,2,1,1,3,2,3,
AN_GNG_PRW:right,ascending,right,5,200,1,0,0,0,8.5,0,0.5,0,0,0,0,0,0,17,0,0,0,0,0,0,0,0.5,0,0,28,5.5,0,0,2,1,1,3,2,2,2,1,1,3,2,3,DNg88_R:32;DNa13_R:26;DNa02_R:17;DNge026_R:11;DNg13_R:7;DNpe023_R:3;DNge033_R:1;DNge006_R:1;DNg75_R:1;DNae001_R:1;DNa16_R:1;DNa11_R:1;DNa06_R:1;MDN_R:0;DNge046_R:0
AN_GNG_SAD:left,ascending,left,41,100,1,0,0,0,0,0,0,0,0,0,0,0,0,0,0,0,0,0,0,0,0,0,0,0,128,28,0,0,1,1,1,2,1,2,1,2,2,2,2,2,
AN_GNG_SAD:left,ascending,left,41,200,1,0.7,0,0,3.0,0,0,0,0,0,0,5.0,0,1.0,0,0,2.0,0,0,0,0,0,0,0,270,49,0,0,1,1,1,2,1,2,1,2,2,2,2,2,DNg68_R:98;DNge129_L:79;DNpe030_L:77;DNge142_L:71;DNg65_L:66;DNge131_R:60;DNge139_L:59;DNde001_L:56;DNge129_R:51;DNpe030_R:50;DNge037_L:49;DNde006_L:48;DNg65_R:47;DNge038_R:45;DNge082_L:44;DNg102_L:44;DNge142_R:43;DNpe042_L:41;DNg70_R:41;DNg31_L:20
AN_GNG_SAD:right,ascending,right,45,100,1,0,0,0,0,0,0,0,0,1.0,0,0,0,0,0,0,0,0,0,0,0,0,0,0,172,37,0,0,1,2,1,2,1,2,1,2,2,2,1,2,
AN_GNG_SAD:right,ascending,right,45,200,1,0.3,0.3,0.5,0,0,0,0,0,6.5,1.0,0,0,0,0,0,1.0,1.0,0,0,0,0,0,0,390,52,0,0,1,2,1,2,1,2,1,2,2,2,1,2,DNg68_L:103;DNge129_R:87;DNpe030_R:86;DNg65_R:74;DNge142_R:73;DNge129_L:69;DNge139_R:67;DNpe007_R:63;DNg65_L:57;DNge131_L:55;DNge038_R:54;DNg31_R:54;DNg22_R:54;DNpe049_L:52;DNge048_L:52;DNge047_R:50;DNg102_R:50;DNpe030_L:48;DNde006_R:48;DNpe042_R:26
AN_GNG_SPS:left,ascending,left,2,100,1,0,0,0,0,0,0,0,0,0,0,0,0,0,0,0,0,0,0,0,0,0,0,0,2.0,0,0,0,1,2,2,2,2,3,2,3,4,4,3,3,
AN_GNG_SPS:left,ascending,left,2,200,1,0,0,0,0,0,0,0,0,0,0,0,0,0,0,0,0,0,0,0,0,0,0,0,4.0,2.0,0,0,1,2,2,2,2,3,2,3,4,4,3,3,DNge049_R:23;DNge049_L:17;DNge119_R:7
AN_GNG_SPS:right,ascending,right,2,100,1,0,0,0,0,0,0,0,0,0,0,0,0,0,0,0,0,0,0,0,0,0,0,0,0,0,0,0,2,2,2,2,2,3,2,2,2,3,3,3,
AN_GNG_SPS:right,ascending,right,2,200,1,0,0,0,0,0,0,0,0,0,0,0,0,0,0,0,0,0,0,0,0,0,0,0,6.0,1.0,0,0,2,2,2,2,2,3,2,2,2,3,3,3,DNge049_R:13;DNge119_R:6;DNge049_L:4;DNa16_L:3
AN_GNG_VES:left,ascending,left,19,100,1,7.0,10,1.5,14,0,0,0,0,5.0,0,13,3.0,15,2.0,2.0,19,29,0,0,0,0,0,0,148,24,0,0,1,1,2,2,2,2,1,1,2,3,2,2,
AN_GNG_VES:left,ascending,left,19,200,1,11,12,10,22,0,0,0,0,16,0,25,21,18,0,0,34,36,0,0,0,0,0,0,162,41,0,0,1,1,2,2,2,2,1,1,2,3,2,2,DNb08_L:64;DNge129_L:56;DNg52_L:44;DNae007_R:43;DNg75_L:40;DNg16_R:38;DNd02_L:37;DNbe007_L:37;DNg97_R:36;DNge060_L:34;DNg97_L:34;DNg13_L:34;DNge062_L:33;DNae005_L:28;DNge040_R:27;DNg16_L:27;DNge101_L:26;DNa01_R:25;DNg13_R:23;DNg34_R:11
AN_GNG_VES:right,ascending,right,18,100,1,14,4.7,13,0.5,0,0,0,0,5.5,19,0,7.0,1.0,12,10,29,4.0,0,0,0,0,0,0,126,18,0,0,1,1,2,2,1,2,1,1,2,3,2,2,
AN_GNG_VES:right,ascending,right,18,200,1,15,8.0,32,4.0,0,0,0,0,22,35,0,29,8.0,2.0,3.0,42,21,0,0,0,0,0,0,4206,58,238610,1,1,1,2,2,1,2,1,1,2,3,2,2,DNge060_R:80;DNb08_R:56;DNge034_R:52;DNge008_R:46;DNge062_R:44;DNge037_R:44;DNg97_L:42;DNbe007_R:42;DNge125_R:39;DNge103_R:37;DNa01_L:35;DNge046_L:33;DNg16_R:33;DNge129_L:31;DNa02_L:29;DNg13_L:28;DNb05_L:23;DNd02_R:17;DNbe007_L:16;DNg75_R:15
AN_GNG_WED:left,ascending,left,4,100,1,0,0,5.5,0,0,0,0,0,3.0,11,0,0,0,0,0,0,0,0,0,0,0,0,0,34,7.0,0,0,1,1,2,2,2,1,2,1,2,2,2,2,
AN_GNG_WED:left,ascending,left,4,200,1,0,0,9.0,0.5,0,0,0,0,9.5,18,1.0,0,0,0,0,0,0,0,0,0,0,0,0,106,15,0,0,1,1,2,2,2,1,2,1,2,2,2,2,DNge054_L:96;DNge042_L:52;DNge031_L:49;DNge049_R:40;DNg31_L:34;DNge049_L:30;DNge141_L:25;DNge127_L:21;DNg13_L:21;DNge062_L:19;DNg96_L:19;DNg37_R:19;DNa01_L:18;DNge124_L:11;DNp35_L:10;DNg105_L:8;DNge101_L:7;DNg81_R:7;DNge147_L:6;DNp10_L:4
AN_GNG_WED:right,ascending,right,4,100,1,0,0,0.5,9.5,0,0,0,0,0.5,0,19,1.0,0,0,0,0,0,0,0,0,0,0,0,115,14,0,0,1,1,1,2,2,2,2,1,2,3,2,2,
AN_GNG_WED:right,ascending,right,4,200,1,0,0,1.0,14,0,0,0,0,3.0,1.0,29,1.0,0,0,0,0,0,0,0,0,0,0,0,242,30,0,0,1,1,1,2,2,2,2,1,2,3,2,2,DNge054_R:84;DNge141_R:65;DNge049_R:59;DNg31_R:58;DNge031_R:56;DNge042_R:52;DNge049_L:36;DNge101_R:34;DNg13_R:32;DNa01_R:29;DNg16_R:24;DNbe001_R:24;DNg96_R:23;DNge036_R:20;DNge124_R:19;DNge063_L:18;DNge041_R:18;DNge018_R:18;DNg35_R:18;DNge026_R:17
AN_IPS_GNG:left,ascending,left,18,100,1,8.7,13,50,12,0,0,0,0,0,8.0,20,91,4.0,26,34,0,5.0,0,0,0,0,0,0,791,40,3450,0,1,1,1,2,2,2,1,1,2,3,3,3,
AN_IPS_GNG:left,ascending,left,18,200,1,17,22,70,14,1.5,0.5,0,0,0,14,27,125,0,51,61,0,6.0,0,0,1.5,0.5,0,0,1196,46,0,0,1,1,1,2,2,2,1,1,2,3,3,3,DNge141_L:132;DNa02_L:125;DNge086_L:116;DNa16_L:74;DNg100_R:61;DNae002_L:59;DNg34_R:58;DNge127_L:55;DNg41_L:52;DNg100_L:51;DNge033_L:50;DNg111_L:49;DNa06_L:49;DNg43_L:45;DNg31_L:45;DNg75_L:43;DNa11_R:40;DNge127_R:37;DNg13_L:35;DNge018_R:17
AN_IPS_GNG:right,ascending,right,19,100,1,18,16,20,50,0,0,0,0,0,33,21,7.0,79,46,46,7.0,1.0,0,0,0,0,0,0,4905,63,239660,1,1,1,2,2,2,2,1,1,2,3,3,3,
AN_IPS_GNG:right,ascending,right,19,200,1,25,20,22,68,0.5,1.0,0,0,0,40,31,4.0,104,70,60,4.0,0,0,0,0.5,1.0,0,0,1402,66,540,0,1,1,2,2,2,2,1,1,2,3,3,3,DNge141_R:150;DNa02_R:104;DNg41_R:71;DNg100_L:70;DNg34_R:67;DNge086_R:64;DNge127_R:63;DNg43_R:60;DNg100_R:60;DNa16_R:58;DNge127_L:57;DNg31_R:56;DNg34_L:54;DNg16_R:52;DNge033_R:50;DNg111_R:49;DNge006_R:46;DNg13_R:42;DNpe056_R:41;DNa06_R:25
AN_IPS_LAL:left,ascending,left,3,100,1,0,0,1.5,16,0,0,0,0,0,0,14,3.0,17,0,0,0,0,0,0,0,0,0,0,240,11,0,0,2,2,2,2,2,3,2,2,2,3,3,4,
AN_IPS_LAL:left,ascending,left,3,200,1,0,0,4.5,24,0,0,0,0,0,0,38,9.0,11,0,0,0,0,0,0,0,0,0,0,552,27,0,0,2,2,2,2,2,3,2,2,2,3,3,4,DNa11_R:66;DNae005_R:46;DNa01_R:38;DNbe001_R:33;DNbe001_L:31;DNa16_L:31;DNg13_R:27;DNa06_R:25;DNge127_R:24;DNb06_R:21;DNb06_L:20;DNpe023_R:19;DNae007_R:18;DNg04_L:17;DNae001_R:15;DNpe014_L:14;DNae002_L:9;DNa04_L:9;DNae010_R:8;DNa02_R:7
AN_IPS_LAL:right,ascending,right,3,100,1,0.3,0.7,18,10,1.0,4.0,0,0,0,23,10,14,11,1.0,1.0,0,1.0,0,0,1.0,4.0,0,0,578,15,0,0,2,2,2,2,2,3,2,2,2,3,3,4,
AN_IPS_LAL:right,ascending,right,3,200,1,6.7,7.7,28,23,1.5,3.0,0,0,0,48,14,9.0,32,20,22,0,1.0,0,0,1.5,3.0,0,0,1164,44,0,0,2,2,2,2,2,3,2,2,2,3,3,4,DNa11_L:55;DNa16_R:48;DNa01_L:48;DNae002_R:42;DNg13_L:41;DNge033_R:35;DNae005_L:35;DNb02_R:32;DNa02_R:32;DNpe056_R:30;DNpe014_R:30;DNb06_L:29;DNbe001_R:28;DNbe001_L:28;DNb06_R:28;DNp34_L:26;DNge127_L:24;DNa06_R:16;DNge006_R:15;DNg100_R:14
AN_IPS_WED:left,ascending,left,2,100,1,0,0,0.5,1.0,0,0,0,0,0,0,0,1.0,2.0,0,0,0,0,0,0,0,0,0,0,138,3.0,0,0,1,2,2,2,2,2,2,2,2,2,3,3,
AN_IPS_WED:left,ascending,left,2,200,1,0,0,2.5,12,0,0,0,0,0,1.0,10,4.0,14,0,0,0,0,0,0,0,0,0,0,311,15,0,0,1,2,2,2,2,2,2,2,2,2,3,3,DNa11_R:38;DNa06_R:22;DNa04_L:22;DNbe001_L:21;DNae005_R:21;DNg13_R:15;DNa02_R:14;DNbe001_R:13;DNae002_L:13;DNge033_R:11;DNge006_R:11;DNpe023_R:10;DNg32_L:10;DNa01_R:10;DNp26_L:9;DNge043_R:9;DNae007_R:9;DNae001_R:8;DNa16_L:4;DNpe013_R:3
AN_IPS_WED:right,ascending,right,2,100,1,0,0,3.0,0,0,0,0,0,0,0,0,6.0,0,0,0,0,0,0,0,0,0,0,0,114,3.5,0,0,2,1,2,2,2,2,2,2,2,3,3,3,
AN_IPS_WED:right,ascending,right,2,200,1,0,0,14,0,0,0,0,0,0,8.0,0,19,0,0,0,0,0,0,0,0,0,0,0,200,14,0,0,2,1,2,2,2,2,2,2,2,3,3,3,DNa04_R:36;DNa16_R:27;DNge140_R:24;DNae002_R:23;DNg32_R:22;DNa11_L:20;DNa02_L:19;DNg99_R:17;DNa16_L:14;DNa15_L:14;DNae010_L:12;DNbe001_R:10;DNa06_L:9;DNa03_L:9;DNg13_L:8;DNae005_L:8;DNa01_L:8;DNpe023_L:4;DNp26_L:4;DNp26_R:3
AN_PRW_FLA:left,ascending,left,2,100,1,0,0,0,0,0,0,0,0,0,0,0,0,0,0,0,0,0,0,0,0,0,0,0,0,0,0,0,3,3,3,4,3,3,-1,-1,-1,-1,-1,-1,
AN_PRW_FLA:left,ascending,left,2,200,1,0,0,0,0,0,0,0,0,0,0,0,0,0,0,0,0,0,0,0,0,0,0,0,0,0,0,0,3,3,3,4,3,3,-1,-1,-1,-1,-1,-1,
AN_PRW_FLA:right,ascending,right,3,100,1,0,0,0,0,0,0,0,0,0,0,0,0,0,0,0,0,0,0,0,0,0,0,0,4.0,0.5,0,0,3,3,3,3,2,3,3,3,4,5,4,3,
AN_PRW_FLA:right,ascending,right,3,200,1,0,0,0,0,0,0,0,0,0,0,0,0,0,0,0,0,0,0,0,0,0,0,0,5.0,3.0,0,0,3,3,3,3,2,3,3,3,4,5,4,3,DNp58_R:27;DNp58_L:27;DNg28_R:8
AN_SAD_GNG:left,ascending,left,2,100,1,0,0,0,0,0,0,0,0,0,0,0,0,0,0,0,0,0,0,0,0,0,0,0,0,0,0,0,2,2,2,2,2,2,4,4,6,5,5,6,
AN_SAD_GNG:left,ascending,left,2,200,1,0,0,0,0,0,0,0,0,0,0,0,0,0,0,0,0,0,0,0,0,0,0,0,0,0,0,0,2,2,2,2,2,2,4,4,6,5,5,6,
AN_SAD_GNG:right,ascending,right,2,100,1,0,0,0,0,0,0,0,0,0,0,0,0,0,0,0,0,0,0,0,0,0,0,0,0,0,0,0,2,2,2,3,2,2,3,3,4,4,3,4,
AN_SAD_GNG:right,ascending,right,2,200,1,0,0,0,0,0,0,0,0,0,0,0,0,0,0,0,0,0,0,0,0,0,0,0,0.5,0,0,0,2,2,2,3,2,2,3,3,4,4,3,4,
AN_SLP_AVLP:left,ascending,left,2,100,1,0,0,0,0,0,0,0,0,0,0,0,0,0,0,0,0,0,0,0,0,0,0,0,6.5,0,0,0,2,2,2,2,2,3,2,3,3,2,3,4,
AN_SLP_AVLP:left,ascending,left,2,200,1,0,0,0,0,0,0,0,0,0,0,0,0,0,0,0,0,0,0,0,0,0,0,0,28,0,0,0,2,2,2,2,2,3,2,3,3,2,3,4,DNpe053_L:7
AN_SLP_AVLP:right,ascending,right,2,100,1,0,0,0,0,0,0,0,0,0,0,0,0,0,0,0,0,0,0,0,0,0,0,0,8.5,0,0,0,2,2,3,2,3,3,2,3,3,3,3,4,
AN_SLP_AVLP:right,ascending,right,2,200,1,0,0,0,0,0,0,0,0,0,0,0,0,0,0,0,0,0,0,0,0,0,0,0,22,0,0,0,2,2,3,2,3,3,2,3,3,3,3,4,DNp69_R:1
AN_SMP:left,ascending,left,7,100,1,0,1.3,1.0,3.5,0,0,0,0,0,0,0,2.0,7.0,0,0,0,4.0,0,0,0,0,0,0,151,2.0,0,0,2,2,2,2,2,3,3,3,3,3,3,3,
AN_SMP:left,ascending,left,7,200,1,0.3,2.7,6.0,7.5,0,0,0,0,0,0,0,12,15,0,0,1.0,8.0,0,0,0,0,0,0,264,10,0,0,2,2,2,2,2,3,3,3,3,3,3,3,DNp37_R:59;DNp37_L:42;DNp68_R:17;DNa02_R:15;DNa11_R:14;DNa11_L:13;DNa02_L:12;DNpe053_L:10;DNg75_R:10;DNa06_R:10;DNge033_R:9;DNge006_R:9;DNg13_L:9;DNa16_R:9;DNg97_R:8;DNg75_L:5;DNb08_R:5;DNp68_L:4;DNge053_R:3;DNge053_L:3
AN_SMP:right,ascending,right,2,100,1,0,0.3,0,2.5,0,0,0,0,0,0,0,0,5.0,0,0,0,1.0,0,0,0,0,0,0,113,2.0,0,0,2,2,2,3,2,3,2,3,3,3,3,4,
AN_SMP:right,ascending,right,2,200,1,0,1.7,2.0,4.0,0,0,0,0,0,0,0,4.0,8.0,0,0,0,5.0,0,0,0,0,0,0,166,3.5,0,0,2,2,2,3,2,3,2,3,3,3,3,4,DNp37_R:59;DNp37_L:40;DNa11_R:8;DNa02_R:8;DNp68_R:7;DNg13_L:6;DNa11_L:6;DNg97_R:5;DNg75_R:5;DNa06_R:5;DNpe053_L:4;DNge033_R:4;DNge006_R:4;DNa16_R:4;DNa02_L:4;DNb08_R:4;DNg75_L:1;DNb08_L:1;DNa16_L:1
AN_SPS_IPS:left,ascending,left,8,100,1,0,0,0,0,0,0,0,0,0,0,0,0,0,0,0,0,0,0,0,0,0,0,0,72,9.5,0,0,2,2,2,2,2,1,2,2,3,3,3,1,
AN_SPS_IPS:left,ascending,left,8,200,1,0,2.7,0,0,0,0,0,0,0,0,0,0,0,0,0,0,8.0,0,0,0,0,0,0,131,20,0,0,2,2,2,2,2,1,2,2,3,3,3,1,DNpe032_L:73;DNp19_L:63;DNpe017_L:41;DNge043_L:41;DNp102_L:37;DNg49_L:34;DNpe014_L:32;DNpe027_L:26;DNb05_L:26;DNp19_R:25;DNg13_L:25;DNp10_L:20;DNge088_L:15;DNge141_L:14;DNp41_L:14;DNge140_L:11;DNpe013_L:8;DNg99_L:7;DNp51_L:5;DNg90_L:5
AN_SPS_IPS:right,ascending,right,8,100,1,0,0,0,0,0,0,0,0,0,0,0,0,0,0,0,0,0,0,0,0,0,0,0,92,13,0,0,2,2,2,2,2,1,2,2,2,3,4,1,
AN_SPS_IPS:right,ascending,right,8,200,1,3.3,0.7,0,0,0,0,0,0,0,0,0,0,0,2.0,2.0,8.0,0,0,0,0,0,0,0,174,27,0,0,2,2,2,2,2,1,2,2,2,3,4,1,DNp19_R:56;DNge043_R:55;DNpe032_R:43;DNg99_R:37;DNp41_R:36;DNpe017_R:34;DNp102_R:31;DNpe014_R:30;DNpe019_R:29;DNp40_R:28;DNpe013_R:26;DNg11_R:22;DNg18_a_R:21;DNpe027_R:20;DNg90_R:20;DNa16_L:20;DNb05_R:17;DNp19_L:8;DNge141_R:7;DNg75_R:7
AN_VES_GNG:left,ascending,left,9,100,1,15,0,0,28,0,0,0,0,0.5,0,24,0,32,0,0,46,0,0,0,0,0,0,0,176,41,0,0,1,1,1,2,2,2,2,1,2,3,2,2,
AN_VES_GNG:left,ascending,left,9,200,1,20,0,1.0,40,0,0,0,0,4.0,0,29,2.0,52,0,0,60,0,0,0,0,0,0,0,276,66,0,0,1,1,1,2,2,2,2,1,2,3,2,2,DNg39_L:71;DNbe007_L:71;DNp56_L:70;DNge054_L:70;DNg35_L:67;DNb05_L:61;DNg97_L:60;DNge101_L:54;DNa02_R:52;DNg102_L:50;DNg13_L:49;DNge083_L:48;DNg13_R:46;DNae007_L:41;DNge129_L:39;DNpe022_L:37;DNge125_L:36;DNge060_L:35;DNge037_L:22;DNpe002_L:21
AN_VES_GNG:right,ascending,right,9,100,1,0,2.0,6.5,1.0,0,0,0,0,0,2.0,0,11,2.0,0,0,0,6.0,0,0,0,0,0,0,108,30,0,0,1,2,1,2,2,1,2,2,1,3,2,2,
AN_VES_GNG:right,ascending,right,9,200,1,0,8.0,30,2.0,0,0,0,0,0.5,21,0,39,4.0,0,0,0,24,0,0,0,0,0,0,178,46,0,0,1,2,1,2,2,1,2,2,1,3,2,2,DNbe007_R:98;DNp56_R:95;DNge037_R:85;DNg39_R:81;DNb05_R:78;DNge054_R:75;DNge101_R:74;DNg35_R:73;DNge125_R:59;DNge041_R:59;DNpe002_R:58;DNg13_R:57;DNpe003_R:56;DNge129_R:50;DNg102_R:48;DNp31_R:45;DNge083_R:45;DNge069_R:43;DNge129_L:40;DNa02_L:39
AN_VES_WED:left,ascending,left,3,100,1,1.7,3.3,12,4.0,0,0,0,0,0,4.0,0,19,8.0,1.0,1.0,4.0,9.0,0,0,0,0,0,0,91,10,0,0,1,2,1,2,2,2,2,2,2,3,2,2,
AN_VES_WED:left,ascending,left,3,200,1,12,14,23,24,0,0,0,0,0,19,5.0,27,42,17,17,19,26,0,0,0,0,0,0,202,40,0,0,1,2,1,2,2,2,2,2,2,3,2,2,DNg13_L:63;DNp56_L:46;DNb05_L:45;DNa02_R:42;DNb08_L:41;DNge018_L:38;DNbe007_L:37;DNg39_L:36;DNg111_L:33;DNae005_L:33;DNpe003_L:32;DNge083_L:30;DNp10_L:27;DNa02_L:27;DNg97_R:26;DNg13_R:22;DNg16_R:20;DNg97_L:19;DNa01_L:11;DNg100_R:10
AN_VES_WED:right,ascending,right,3,100,1,5.0,1.7,7.5,10,0,0,0,0,0,0,3.0,15,18,5.0,5.0,10,0,0,0,0,0,0,0,114,19,0,0,1,1,1,2,2,2,1,2,2,3,2,2,
AN_VES_WED:right,ascending,right,3,200,1,11,8.3,24,27,0,0,0,0,0,2.0,17,45,37,13,16,19,9.0,0,0,0,0,0,0,202,44,0,0,1,1,1,2,2,2,1,2,2,3,2,2,DNp56_R:59;DNb05_R:58;DNge018_R:57;DNb08_R:54;DNbe007_R:53;DNg39_R:50;DNpe003_R:47;DNa02_L:45;DNae005_R:44;DNg13_R:43;DNge083_R:38;DNa02_R:37;DNg111_R:34;DNp31_R:30;DNg16_R:30;DNge013_R:27;DNge037_R:26;DNpe022_R:25;DNge125_R:24;DNg96_R:13
AN_WED_GNG:left,ascending,left,3,100,1,0,0,0,0,0,0,0,0,0,0,0,0,0,0,0,0,0,0,0,0,0,0,0,12,1.0,0,0,2,2,2,3,2,2,2,2,2,3,3,3,
AN_WED_GNG:left,ascending,left,3,200,1,0,0,0,0,0,0,0,0,0,0,0,0,0,0,0,0,0,0,0,0,0,0,0,26,2.0,0,0,2,2,2,3,2,2,2,2,2,3,3,3,DNbe007_L:23;DNb05_L:23;DNpe053_L:2;DNge037_L:1
AN_WED_GNG:right,ascending,right,3,100,1,0,0,0,0,0,0,0,0,0,0,0,0,0,0,0,0,0,0,0,0,0,0,0,1.0,0,0,0,2,2,2,2,2,2,2,2,2,3,3,3,
AN_WED_GNG:right,ascending,right,3,200,1,0,0,0,0,0,0,0,0,0,0,0,0,0,0,0,0,0,0,0,0,0,0,0,6.0,0,0,0,2,2,2,2,2,2,2,2,2,3,3,3,
AN_multi:left,ascending,left,136,100,1,7.3,1.0,14,7.5,6.5,6.0,0,0,0,0,2.0,29,13,0,0,22,3.0,0,0,6.5,6.0,0,0,1368,77,0,0,1,1,1,2,1,1,1,1,1,2,1,2,
AN_multi:left,ascending,left,136,200,1,7.7,1.7,18,0.5,8.0,8.5,0,0,2.0,0,0,35,1.0,0,0,23,5.0,0,0,8.0,8.5,0,0,1933,113,9380,0,1,1,1,2,1,1,1,1,1,2,1,2,DNp102_L:116;DNge047_L:116;DNg102_L:104;DNge054_L:100;DNge129_L:93;DNpe053_L:88;DNge141_L:82;DNge083_L:82;DNpe013_L:79;DNg35_L:77;DNg70_L:76;DNp32_L:74;DNge049_L:73;DNp18_L:71;DNge135_L:69;DNge140_L:67;DNpe027_L:63;DNge049_R:61;DNg13_L:61;DNae002_L:33
AN_multi:right,ascending,right,139,100,1,0,3.7,4.5,10,14,15,0,0,0,6.0,0,3.0,20,0,0,0,11,0,0,14,15,0,0,1416,80,0,0,1,1,1,1,1,1,1,1,1,2,2,2,
AN_multi:right,ascending,right,139,200,1,0,15,20,6.0,8.0,8.0,0,0,0,9.0,0,30,12,0,0,0,46,0,0,8.0,8.0,0,0,9714,154,471920,1,1,1,1,1,1,1,1,1,1,2,2,2,DNb05_L:151;DNb05_R:147;DNge054_R:124;DNp102_R:123;DNge047_R:119;DNg35_R:111;DNge049_L:109;DNge049_R:101;DNg56_R:101;DNge141_R:96;DNp32_R:93;DNc01_R:92;DNg102_R:90;DNge140_R:88;DNge013_R:85;DNg104_L:81;DNpe013_R:79;DNc02_R:77;DNge129_L:76;DNp12_R:42
AN_AVLP_28:left,ascending,left,4,100,1,0,0,0,0,0,0,0,0,0,0,0,0,0,0,0,0,0,0,0,0,0,0,0,0,0,0,0,2,2,2,2,2,3,4,4,5,5,4,5,
AN_AVLP_28:left,ascending,left,4,200,1,0,0,0,0,0,0,0,0,0,0,0,0,0,0,0,0,0,0,0,0,0,0,0,3.0,0,0,0,2,2,2,2,2,3,4,4,5,5,4,5,DNp12_L:5;DNg108_R:5;DNg108_L:5
AN_AVLP_28:right,ascending,right,4,100,1,0,0,0,0,0,0,0,0,0,0,0,0,0,0,0,0,0,0,0,0,0,0,0,1.0,1.0,0,0,2,3,3,2,2,3,3,3,3,2,4,4,
AN_AVLP_28:right,ascending,right,4,200,1,0,0,0,0,0,0,0,0,0,0,0,0,0,0,0,0,0,0,0,0,0,0,0,6.0,2.5,0,0,2,3,3,2,2,3,3,3,3,2,4,4,DNp12_R:48;DNp73_R:19;DNg108_R:9;DNge145_R:4;DNge113_R:2
AN_AVLP_48:left,ascending,left,3,100,1,0,0,0,0,0,0,0,0,0,0,0,0,0,0,0,0,0,0,0,0,0,0,0,3.5,0,0,0,3,2,2,2,3,3,3,3,3,3,4,4,
AN_AVLP_48:left,ascending,left,3,200,1,0,0,0,0,0,0,0,0,0,0,0,0,0,0,0,0,0,0,0,0,0,0,0,6.0,0,0,0,3,2,2,2,3,3,3,3,3,3,4,4,
AN_AVLP_48:right,ascending,right,6,100,1,0,0,0,0,0,0,0,0,0,0,0,0,0,0,0,0,0,0,0,0,0,0,0,10,0,0,0,2,2,3,2,3,3,3,3,3,3,4,4,
AN_AVLP_48:right,ascending,right,6,200,1,0,0,0,0,0,0,0,0,0,0,0,0,0,0,0,0,0,0,0,0,0,0,0,20,0,0,0,2,2,3,2,3,3,3,3,3,3,4,4,
AN_AVLP_51:left,ascending,left,7,100,1,0,0,0,0,0,0,0,0,0,0,0,0,0,0,0,0,0,0,0,0,0,0,0,16,0,0,0,2,2,2,2,2,3,2,3,3,3,4,4,
AN_AVLP_51:left,ascending,left,7,200,1,0,0,0,0,0,0,0,0,0,0,0,0,0,0,0,0,0,0,0,0,0,0,0,36,0,0,0,2,2,2,2,2,3,2,3,3,3,4,4,
AN_AVLP_51:right,ascending,right,10,100,1,0.7,0.7,0,0,0,0,0,0,0,0,0,0,0,1.0,1.0,1.0,1.0,0,0,0,0,0,0,41,0,0,0,2,2,2,2,2,3,2,3,3,2,3,4,
AN_AVLP_51:right,ascending,right,10,200,1,1.3,1.3,1.0,0,0,0,0,0,0,0,0,2.0,0,2.0,2.0,2.0,2.0,0,0,0,0,0,0,75,0,0,0,2,2,2,2,2,3,2,3,3,2,3,4,DNge050_R:2;DNge050_L:2;DNge035_L:2;DNg97_R:2;DNg97_L:2;DNg100_R:2;DNg100_L:2;DNa02_L:2;DNae002_L:1;DNa16_L:1;DNa15_L:1;DNa11_L:1;DNa03_L:1
AN_AVLP_53:left,ascending,left,15,100,1,0,0,0,0,0,0,0,0,0,0,0,0,0,0,0,0,0,0,0,0,0,0,0,20,1.0,0,0,2,2,2,2,2,2,3,3,3,2,4,4,
AN_AVLP_53:left,ascending,left,15,200,1,0,0,0,0,0,0,0,0,0,0,0,0,0,0,0,0,0,0,0,0,0,0,0,53,3.0,0,0,2,2,2,2,2,2,3,3,3,2,4,4,DNp12_L:79;DNge140_L:12;DNp06_L:10
AN_AVLP_53:right,ascending,right,12,100,1,0,0,0,0,0,0,0,0,0,0,0,0,0,0,0,0,0,0,0,0,0,0,0,26,2.0,0,0,2,2,2,2,2,2,2,3,3,2,3,4,
AN_AVLP_53:right,ascending,right,12,200,1,0,0,0,0,0,0,0,0,0,0,0,0,0,0,0,0,0,0,0,0,0,0,0,62,3.0,0,0,2,2,2,2,2,2,2,3,3,2,3,4,DNp12_R:97;DNp73_R:46;DNge140_R:12;DNg81_L:12;DNp06_R:1
AN_AVLP_GNG_23:left,ascending,left,7,100,1,0,0,0,0,0,0,0,0,0,0,0,0,0,0,0,0,0,0,0,0,0,0,0,0,0,0,0,-1,-1,-1,-1,-1,-1,-1,-1,-1,-1,-1,-1,
AN_AVLP_GNG_23:left,ascending,left,7,200,1,0,0,0,0,0,0,0,0,0,0,0,0,0,0,0,0,0,0,0,0,0,0,0,0,0,0,0,-1,-1,-1,-1,-1,-1,-1,-1,-1,-1,-1,-1,
AN_AVLP_GNG_23:right,ascending,right,8,100,1,0,0,0,0,0,0,0,0,0,0,0,0,0,0,0,0,0,0,0,0,0,0,0,0,0,0,0,-1,-1,-1,-1,-1,-1,-1,-1,-1,-1,-1,-1,
AN_AVLP_GNG_23:right,ascending,right,8,200,1,0,0,0,0,0,0,0,0,0,0,0,0,0,0,0,0,0,0,0,0,0,0,0,0,0,0,0,-1,-1,-1,-1,-1,-1,-1,-1,-1,-1,-1,-1,
AN_GNG_162:left,ascending,left,4,100,1,0,0,18,0,0,0,0,0,16,0,0,36,0,0,0,0,0,0,0,0,0,0,0,109,22,0,0,2,2,2,3,2,1,2,2,2,3,3,2,
AN_GNG_162:left,ascending,left,4,200,1,0,0,26,0,0,0,0,0,46,0,0,52,0,0,0,0,0,0,0,0,0,0,0,188,41,0,0,2,2,2,3,2,1,2,2,2,3,3,2,DNge174_L:67;DNge059_L:60;DNge059_R:59;DNde007_R:56;DNg47_L:54;DNge080_L:52;DNa02_L:52;DNge106_L:39;DNge031_L:37;DNde002_L:33;DNge062_L:28;DNge031_R:26;DNpe023_L:24;DNge007_R:24;DNa13_L:23;DNge007_L:21;DNge080_R:20;DNge042_L:13;DNge040_R:10;DNge018_R:10
AN_GNG_162:right,ascending,right,4,100,1,0,0,0,12,0,0,0,0,16,0,0,0,24,0,0,0,0,0,0,0,0,0,0,129,14,0,0,2,2,2,2,2,2,2,2,2,3,3,2,
AN_GNG_162:right,ascending,right,4,200,1,0,0,0,20,0,0,0,0,35,0,0,0,41,0,0,0,0,0,0,0,0,0,0,179,36,0,0,2,2,2,2,2,2,2,2,2,3,3,2,DNge174_R:62;DNge059_R:53;DNge080_R:52;DNge023_R:47;DNge059_L:42;DNde007_L:42;DNa02_R:41;DNge007_R:35;DNge031_L:29;DNg47_R:29;DNde002_R:28;DNge031_R:22;DNge062_R:20;DNpe023_R:19;DNge106_L:18;DNg38_R:18;DNge080_L:17;DNa16_R:17;DNge062_L:9;DNge135_R:8
AN_GNG_164:left,ascending,left,5,100,1,0,0,0,0,0,0,0,0,0,0,0,0,0,0,0,0,0,0,0,0,0,0,0,14,3.0,0,0,2,2,2,2,1,2,2,2,3,3,1,3,
AN_GNG_164:left,ascending,left,5,200,1,0,0,0,0,0,0,0,0,0,0,0,0,0,0,0,0,0,0,0,0,0,0,0,20,5.0,0,0,2,2,2,2,1,2,2,2,3,3,1,3,DNg74_a_R:37;DNg74_a_L:37;DNg74_b_L:21;DNg108_L:15;DNg74_b_R:14;DNge053_L:1;DNg108_R:1
AN_GNG_164:right,ascending,right,6,100,1,0,0,0,0,0,0,0,0,0,0,0,0,0,0,0,0,0,0,0,0,0,0,0,14,4.5,0,0,1,2,2,3,1,2,2,3,3,3,1,3,
AN_GNG_164:right,ascending,right,6,200,1,0,0,0,0,0,0,0,0,0,0,0,0,0,0,0,0,0,0,0,0,0,0,0,25,6.5,0,0,1,2,2,3,1,2,2,3,3,3,1,3,DNg74_a_R:43;DNg74_a_L:43;DNg74_b_R:40;DNg74_b_L:31;DNge053_R:11;DNg108_R:11;DNge068_R:8;DNge012_R:3;DNg108_L:3
AN_GNG_165:left,ascending,left,16,100,1,0,0,0,0,0,0,0,0,0,0,0,0,0,0,0,0,0,0,0,0,0,0,0,3.5,1.0,0,0,1,2,2,2,2,2,2,2,2,4,2,3,
AN_GNG_165:left,ascending,left,16,200,1,0,0,0,0,0,0,0,0,0,0,0,0,0,0,0,0,0,0,0,0,0,0,0,25,5.0,0,0,1,2,2,2,2,2,2,2,2,4,2,3,DNge037_L:54;DNg39_L:34;DNge047_L:26;DNge037_R:16;DNge036_L:10;DNge036_R:9;DNg81_R:3;DNg15_R:1
AN_GNG_165:right,ascending,right,22,100,1,0,0,0,0,0,0,0,0,0,0,0,0,0,0,0,0,0,0,0,0,0,0,0,16,2.0,0,0,1,2,2,2,2,2,3,2,2,3,2,3,
AN_GNG_165:right,ascending,right,22,200,1,0,0,0,0,0,0,0,0,0,0,0,0,0,0,0,0,0,0,0,0,0,0,0,86,16,0,0,1,2,2,2,2,2,3,2,2,3,2,3,DNge037_R:53;DNp42_R:33;DNge129_L:31;DNge047_R:31;DNge036_L:26;DNge142_R:25;DNge036_R:24;DNg81_L:22;DNge037_L:20;DNg35_R:20;DNge056_L:18;DNg108_R:18;DNge003_R:12;DNge046_L:11;DNg78_R:11;DNp42_L:10;DNg39_R:9;DNge129_R:8;DNge003_L:7;DNg15_L:4
AN_GNG_166:left,ascending,left,4,100,1,0,0,0,0,0,0,0,0,0,0,0,0,0,0,0,0,0,0,0,0,0,0,0,0,0,0,0,2,2,2,2,2,2,3,3,3,3,3,4,
AN_GNG_166:left,ascending,left,4,200,1,0,0,0,0,0,0,0,0,0,0,0,0,0,0,0,0,0,0,0,0,0,0,0,0,0,0,0,2,2,2,2,2,2,3,3,3,3,3,4,
AN_GNG_166:right,ascending,right,7,100,1,0,0,0,0,0,0,0,0,0,0,0,0,0,0,0,0,0,0,0,0,0,0,0,1.0,1.0,0,0,2,2,2,2,2,2,3,3,3,3,4,4,
AN_GNG_166:right,ascending,right,7,200,1,0,0,0,0,0,0,0,0,0,0,0,0,0,0,0,0,0,0,0,0,0,0,0,5.5,2.0,0,0,2,2,2,2,2,2,3,3,3,3,4,4,DNg108_R:40;DNg108_L:13
AN_GNG_167:left,ascending,left,5,100,1,0,0,0,0,0,0,0,0,0,0,0,0,0,0,0,0,0,0,0,0,0,0,0,3.0,0,0,0,2,2,2,2,2,2,3,3,3,3,2,3,
AN_GNG_167:left,ascending,left,5,200,1,0,0,0,0,0,0,0,0,0,0,0,0,0,0,0,0,0,0,0,0,0,0,0,11,1.0,0,0,2,2,2,2,2,2,3,3,3,3,2,3,DNp42_R:23;DNpe007_R:4;DNge079_R:4;DNg68_R:4;DNp42_L:1;DNd03_R:1;DNge136_R:0
AN_GNG_167:right,ascending,right,5,100,1,0,0,0,0,0,0,0,0,0,0,0,0,0,0,0,0,0,0,0,0,0,0,0,1.5,0,0,0,2,2,2,2,2,2,3,3,3,3,2,3,
AN_GNG_167:right,ascending,right,5,200,1,0,0,0,0,0,0,0,0,0,0,0,0,0,0,0,0,0,0,0,0,0,0,0,8.5,1.0,0,0,2,2,2,2,2,2,3,3,3,3,2,3,DNp42_R:23;DNp42_L:3;DNg35_L:1
AN_GNG_172:left,ascending,left,11,100,1,0,0,0,0,0,0,0,0,0,0,0,0,0,0,0,0,0,0,0,0,0,0,0,0,0,0,0,2,2,3,3,1,2,3,3,4,4,3,4,
AN_GNG_172:left,ascending,left,11,200,1,0,0,0,0,0,0,0,0,0,0,0,0,0,0,0,0,0,0,0,0,0,0,0,0,0,0,0,2,2,3,3,1,2,3,3,4,4,3,4,
AN_GNG_172:right,ascending,right,5,100,1,0,0,0,0,0,0,0,0,0,0,0,0,0,0,0,0,0,0,0,0,0,0,0,0,0,0,0,2,2,2,3,1,3,3,2,3,3,2,3,
AN_GNG_172:right,ascending,right,5,200,1,0,0,0,0,0,0,0,0,0,0,0,0,0,0,0,0,0,0,0,0,0,0,0,1.0,0,0,0,2,2,2,3,1,3,3,2,3,3,2,3,
AN_GNG_175:left,ascending,left,11,100,1,0,0,0,0,0,0,0,0,0,0,0,0,0,0,0,0,0,0,0,0,0,0,0,0,0,0,0,2,2,2,3,1,1,3,3,4,3,3,4,
AN_GNG_175:left,ascending,left,11,200,1,0,0,0,0,0,0,0,0,0,0,0,0,0,0,0,0,0,0,0,0,0,0,0,1.0,0,0,0,2,2,2,3,1,1,3,3,4,3,3,4,
AN_GNG_175:right,ascending,right,16,100,1,0,0,0,0,0,0,0,0,0,0,0,0,0,0,0,0,0,0,0,0,0,0,0,11,0,0,0,2,2,2,3,1,1,2,2,3,3,1,3,
AN_GNG_175:right,ascending,right,16,200,1,0,0,0,0,0,0,0,0,0,0,0,0,0,0,0,0,0,0,0,0,0,0,0,38,1.5,0,0,2,2,2,3,1,1,2,2,3,3,1,3,DNpe013_R:18;DNg05_a_R:10;DNg90_R:7;DNge070_R:1
AN_GNG_179:left,ascending,left,4,100,1,0,0,0,0,0,0,0,0,0,0,0,0,0,0,0,0,0,0,0,0,0,0,0,0,0,0,0,2,2,3,3,2,2,3,2,3,4,4,4,
AN_GNG_179:left,ascending,left,4,200,1,0,0,0,0,0,0,0,0,0,0,0,0,0,0,0,0,0,0,0,0,0,0,0,0,0,0,0,2,2,3,3,2,2,3,2,3,4,4,4,
AN_GNG_179:right,ascending,right,4,100,1,0,0,0,0,0,0,0,0,0,0,0,0,0,0,0,0,0,0,0,0,0,0,0,3.0,0,0,0,2,2,3,2,3,3,3,2,3,4,3,4,
AN_GNG_179:right,ascending,right,4,200,1,0,0,0,0,0,0,0,0,0,0,0,0,0,0,0,0,0,0,0,0,0,0,0,147,12,0,0,2,2,3,2,3,3,3,2,3,4,3,4,DNb06_R:30;DNb06_L:21;DNp40_R:20;DNpe014_R:18;DNbe001_R:18;DNa16_L:18;DNpe017_R:17;DNbe001_L:14;DNp18_R:11;DNa11_R:11;DNpe017_L:10;DNpe019_R:8;DNp51_R:8;DNpe014_L:7;DNp18_L:5;DNpe019_L:3;DNp19_R:3;DNg99_R:1;DNae010_R:1;DNae010_L:1
AN_GNG_187:right,ascending,right,9,100,1,0,0,0,0,0,0,0,0,0,0,0,0,0,0,0,0,0,0,0,0,0,0,0,4.5,3.5,0,0,2,2,2,3,2,2,3,3,3,4,2,3,
AN_GNG_187:right,ascending,right,9,200,1,0,0,0,0,0,0,0,0,0,0,0,0,0,0,0,0,0,0,0,0,0,0,0,7.5,5.0,0,0,2,2,2,3,2,2,3,3,3,4,2,3,DNg74_b_L:76;DNg74_b_R:72;DNg74_a_R:48;DNg108_L:43;DNg74_a_L:18;DNg108_R:1
AN_GNG_197:left,ascending,left,6,100,1,0,0,0,0,0,0,0,0,0,0,0,0,0,0,0,0,0,0,0,0,0,0,0,0,0,0,0,-1,-1,-1,-1,-1,-1,-1,-1,-1,-1,-1,-1,
AN_GNG_197:left,ascending,left,6,200,1,0,0,0,0,0,0,0,0,0,0,0,0,0,0,0,0,0,0,0,0,0,0,0,0,0,0,0,-1,-1,-1,-1,-1,-1,-1,-1,-1,-1,-1,-1,
AN_GNG_197:right,ascending,right,9,100,1,0,0,0,0,0,0,0,0,0,0,0,0,0,0,0,0,0,0,0,0,0,0,0,0,0,0,0,-1,-1,-1,-1,-1,-1,-1,-1,-1,-1,-1,-1,
AN_GNG_197:right,ascending,right,9,200,1,0,0,0,0,0,0,0,0,0,0,0,0,0,0,0,0,0,0,0,0,0,0,0,0,0,0,0,-1,-1,-1,-1,-1,-1,-1,-1,-1,-1,-1,-1,
AN_GNG_69:left,ascending,left,5,100,1,0,0,0,0,0,0,0,0,0,0,0,0,0,0,0,0,0,0,0,0,0,0,0,0,0,0,0,2,2,2,3,2,2,3,2,3,3,2,3,
AN_GNG_69:left,ascending,left,5,200,1,0,0,0,0,0,0,0,0,0,0,0,0,0,0,0,0,0,0,0,0,0,0,0,1.0,0,0,0,2,2,2,3,2,2,3,2,3,3,2,3,DNge132_L:2
AN_GNG_69:right,ascending,right,6,100,1,0,0,0,0,0,0,0,0,0,0,0,0,0,0,0,0,0,0,0,0,0,0,0,0,0,0,0,3,2,2,3,2,2,3,3,2,3,2,3,
AN_GNG_69:right,ascending,right,6,200,1,0,0,0,0,0,0,0,0,0,0,0,0,0,0,0,0,0,0,0,0,0,0,0,2.0,0.5,0,0,3,2,2,3,2,2,3,3,2,3,2,3,DNge132_R:7;DNg15_L:2
AN_GNG_IPS_19:left,ascending,left,5,100,1,0,0,0,0,0,0,0,0,0,0,0,0,0,0,0,0,0,0,0,0,0,0,0,0,0,0,0,2,2,2,3,2,3,4,3,4,4,4,6,
AN_GNG_IPS_19:left,ascending,left,5,200,1,0,0,0,0,0,0,0,0,0,0,0,0,0,0,0,0,0,0,0,0,0,0,0,0,0,0,0,2,2,2,3,2,3,4,3,4,4,4,6,
AN_GNG_IPS_19:right,ascending,right,5,100,1,0,0,0,0,0,0,0,0,0,0,0,0,0,0,0,0,0,0,0,0,0,0,0,0,0,0,0,2,2,3,3,2,2,4,3,3,3,4,5,
AN_GNG_IPS_19:right,ascending,right,5,200,1,0,0,0,0,0,0,0,0,0,0,0,0,0,0,0,0,0,0,0,0,0,0,0,1.5,0,0,0,2,2,3,3,2,2,4,3,3,3,4,5,
AN_GNG_SAD_32:left,ascending,left,4,100,1,0,0,0,0,0,0,0,0,0,0,0,0,0,0,0,0,0,0,0,0,0,0,0,12,2.5,0,0,1,1,2,2,2,2,2,2,2,3,3,2,
AN_GNG_SAD_32:left,ascending,left,4,200,1,0.7,0.7,0,0,0,0,0,0,0,0,0,0,0,2.0,2.0,0,0,0,0,0,0,0,0,43,6.0,0,0,1,1,2,2,2,2,2,2,2,3,3,2,DNg31_L:48;DNg43_L:34;DNge050_L:28;DNge037_L:27;DNge050_R:18;DNg16_R:14;DNg16_L:12;DNge035_R:4;DNge035_L:3;DNg96_R:3;DNg74_a_R:3;DNg74_a_L:3;DNg105_L:3;DNge046_R:2;DNge018_R:2;DNge004_R:2;DNge004_L:2;DNge135_L:1;DNge131_R:1;DNge123_R:1
AN_GNG_SAD_32:right,ascending,right,4,100,1,0,0,0,0,0,0,0,0,0,0,0,0,0,0,0,0,0,0,0,0,0,0,0,28,2.0,0,0,1,2,2,2,2,2,2,2,2,3,3,3,
AN_GNG_SAD_32:right,ascending,right,4,200,1,0.3,0.3,0,0,0,0,0,0,0,0,0,0,0,1.0,1.0,0,0,0,0,0,0,0,0,66,12,0,0,1,2,2,2,2,2,2,2,2,3,3,3,DNg31_R:66;DNg16_R:50;DNge050_R:31;DNg43_R:26;DNg16_L:26;DNge135_R:19;DNge037_R:19;DNg96_R:15;DNge004_L:14;DNge018_R:13;DNge004_R:10;DNge123_R:8;DNge050_L:8;DNg96_L:8;DNg111_R:6;DNge131_L:5;DNge046_L:4;DNge037_L:3;DNge018_L:2;DNbe007_R:2
AN_IPS_GNG_6:left,ascending,left,7,100,1,0,0,0,0,0,0,0,0,0,0,0,0,0,0,0,0,0,0,0,0,0,0,0,0.5,0,0,0,2,2,3,3,2,3,3,3,4,4,4,5,
AN_IPS_GNG_6:left,ascending,left,7,200,1,0,0,0,0,0,0,0,0,0,0,0,0,0,0,0,0,0,0,0,0,0,0,0,3.0,1.0,0,0,2,2,3,3,2,3,3,3,4,4,4,5,DNae003_L:26
AN_IPS_GNG_6:right,ascending,right,6,100,1,0,0,0,0,0,0,0,0,0,0,0,0,0,0,0,0,0,0,0,0,0,0,0,0.5,0,0,0,2,2,2,3,2,2,3,3,3,4,4,4,
AN_IPS_GNG_6:right,ascending,right,6,200,1,0,0,0,0,0,0,0,0,0,0,0,0,0,0,0,0,0,0,0,0,0,0,0,2.5,0,0,0,2,2,2,3,2,2,3,3,3,4,4,4,
AN_IPS_GNG_7:left,ascending,left,6,100,1,9.7,13,48,17,1.0,0.5,0,0,0,14,26,81,8.0,29,34,0,6.0,0,0,1.0,0.5,0,0,576,37,0,0,1,1,1,2,2,2,1,1,2,3,3,3,
AN_IPS_GNG_7:left,ascending,left,6,200,1,18,22,70,14,0,0,0,0,0,17,26,123,2.0,54,60,0,6.0,0,0,0,0,0,0,1126,48,1070,0,1,1,1,2,2,2,1,1,2,3,3,3,DNge141_L:134;DNa02_L:123;DNge086_L:117;DNg34_R:60;DNg100_R:60;DNa16_L:60;DNg100_L:54;DNg111_L:53;DNae002_L:52;DNg41_L:50;DNg43_L:44;DNge127_L:40;DNg31_L:40;DNge033_L:39;DNg75_L:39;DNg13_L:39;DNa06_L:36;DNa11_R:24;DNg16_R:21;DNge127_R:19
AN_IPS_GNG_7:right,ascending,right,6,100,1,17,13,13,52,0,0,0,0,0,20,29,6.0,75,40,40,10,0,0,0,0,0,0,0,936,52,1370,0,1,1,2,2,2,2,1,1,2,3,3,3,
AN_IPS_GNG_7:right,ascending,right,6,200,1,24,20,22,68,0,0,0,0,0,36,28,7.0,107,66,61,5.0,0,0,0,0,0,0,0,1402,69,0,0,1,1,2,2,2,2,1,1,2,3,3,3,DNge141_R:147;DNa02_R:107;DNg41_R:67;DNg100_L:66;DNg34_R:64;DNge086_R:62;DNg100_R:61;DNg43_R:55;DNge127_L:53;DNg34_L:50;DNa16_R:47;DNg16_R:44;DNg111_R:44;DNge006_R:43;DNg31_R:43;DNge127_R:42;DNge033_R:42;DNpe056_R:38;DNg13_R:38;DNa06_R:23
AN_multi_124:left,ascending,left,3,100,1,0,0,0,0,0,0,0,0,0,0,0,0,0,0,0,0,0,0,0,0,0,0,0,0,0,0,0,2,2,3,2,3,2,4,4,5,3,4,4,
AN_multi_124:left,ascending,left,3,200,1,0,0,0,0,0,0,0,0,0,0,0,0,0,0,0,0,0,0,0,0,0,0,0,0,0,0,0,2,2,3,2,3,2,4,4,5,3,4,4,
AN_multi_124:right,ascending,right,7,100,1,0,0,0,0,0,0,0,0,0,0,0,0,0,0,0,0,0,0,0,0,0,0,0,1.0,0,0,0,2,2,2,1,2,2,2,2,3,3,2,3,
AN_multi_124:right,ascending,right,7,200,1,0,0,0,0,0,0,0,0,0,0,0,0,0,0,0,0,0,0,0,0,0,0,0,5.0,0,0,0,2,2,2,1,2,2,2,2,3,3,2,3,DNge005_L:2
LC10a:left,vpn,left,115,100,0,9.3,24,58,0.5,0,0,0,0,0,16,1.0,100,0,28,24,0,49,0,0,0,0,0,0,343,44,0,0,2,2,2,2,2,3,2,2,2,3,3,4,
LC10a:left,vpn,left,115,200,0,14,41,81,1.5,0,0,0,0,0.5,17,3.0,145,0,41,39,0,83,0,0,0,0,0,0,465,54,0,0,2,2,2,2,2,3,2,2,2,3,3,4,DNae002_L:147;DNa02_L:145;DNa06_L:113;DNg111_L:109;DNa16_L:104;DNa04_L:100;DNb01_L:98;aSP22_L:93;DNge033_L:89;DNg97_R:83;DNg75_L:83;DNp31_L:78;DNp31_R:73;DNg13_L:66;DNge043_L:54;DNb06_L:52;DNp18_R:45;DNb02_L:44;DNae003_L:42;DNg100_L:21
LC10a:right,vpn,right,119,100,0,23,8.3,2.5,38,0,0,0,0,10,5.0,7.0,0,68,24,25,44,0,0,0,0,0,0,0,432,46,0,0,2,2,2,2,3,3,2,2,2,3,3,4,
LC10a:right,vpn,right,119,200,0,29,12,1.5,54,0,0,0,0,20,2.0,7.0,1.0,100,36,37,50,0,0,0,0,0,0,0,596,60,0,0,2,2,2,2,3,3,2,2,2,3,3,4,DNae002_R:151;aSP22_R:115;DNg111_R:101;DNa02_R:100;DNa06_R:94;DNb01_R:93;DNge033_R:80;DNp31_R:61;DNp18_L:60;DNa04_R:60;DNge006_R:59;DNb01_L:59;DNp54_R:56;DNg13_R:53;DNpe037_R:50;DNg97_L:50;DNb02_R:48;DNge043_R:45;DNae002_L:25;DNa16_R:25
LC10b:left,vpn,left,40,100,0,5.7,0,0,5.0,0,0,0,0,0,0,5.0,0,5.0,0,0,17,0,0,0,0,0,0,0,76,2.5,0,0,2,2,2,2,2,3,2,2,3,3,4,3,
LC10b:left,vpn,left,40,200,0,15,0.3,0,24,0,0,0,0,0,0,28,0,20,1.0,1.0,45,0,0,0,0,0,0,0,170,15,0,0,2,2,2,2,2,3,2,2,3,3,4,3,DNb01_R:62;DNg97_L:45;DNae002_R:35;DNb05_L:30;DNa09_R:28;DNa01_R:28;DNa13_R:22;DNp18_R:22;DNbe007_L:22;DNa02_R:20;DNpe016_R:17;DNb09_R:17;DNbe006_R:12;DNp08_L:10;DNp35_L:7;DNg75_R:7;DNg74_a_R:6;DNg13_R:6;DNae010_R:5;DNg96_R:3
LC10b:right,vpn,right,44,100,0,0,2.0,3.5,0,0,0,0,0,0,2.0,0,5.0,0,0,0,0,6.0,0,0,0,0,0,0,75,2.5,0,0,2,2,2,2,2,3,2,2,3,3,4,3,
LC10b:right,vpn,right,44,200,0,0.3,16,28,0,0,0,0,0,0,24,0,31,0,1.0,1.0,0,47,0,0,0,0,0,0,161,19,0,0,2,2,2,2,2,3,2,2,3,3,4,3,DNb01_L:60;DNg97_R:47;DNae002_L:41;DNbe001_R:39;DNb09_L:32;DNa02_L:31;DNp18_L:30;DNa01_L:24;DNp08_R:19;DNa15_L:19;DNg13_L:15;DNb05_R:13;DNa13_L:12;DNpe016_L:12;DNg75_L:12;DNae010_L:12;DNa09_L:12;DNp31_R:9;DNbe007_R:9;DNp71_R:4
LC10c-1:left,vpn,left,46,100,0,0.7,13,58,0,0,0,0,0,0,19,0,97,0,2.0,2.0,0,38,0,0,0,0,0,0,169,20,0,0,2,2,2,2,2,3,2,2,2,4,3,4,
LC10c-1:left,vpn,left,46,200,0,7.7,27,76,0,0,0,0,0,0,33,0,119,0,23,23,0,59,0,0,0,0,0,0,246,32,0,0,2,2,2,2,2,3,2,2,2,4,3,4,DNa02_L:119;DNae002_L:103;DNa16_L:83;DNa06_L:82;DNge033_L:67;DNa10_L:62;DNa15_L:60;DNa04_L:60;DNg97_R:59;DNb01_L:59;DNg75_L:53;DNg13_L:46;DNg111_L:38;DNa01_L:33;DNb02_L:30;DNg100_R:23;DNg100_L:23;DNge043_L:22;DNg16_R:22;DNae009_L:13
LC10c-1:right,vpn,right,56,100,0,4.0,0,0,27,0,0,0,0,0,0,4.0,0,50,0,0,12,0,0,0,0,0,0,0,143,14,0,0,2,2,2,2,2,3,2,2,2,4,4,4,
LC10c-1:right,vpn,right,56,200,0,20,4.3,0,62,0,0,0,0,0,0,29,0,95,13,13,46,0,0,0,0,0,0,0,262,37,0,0,2,2,2,2,2,3,2,2,2,4,4,4,DNa02_R:95;DNa06_R:80;DNae002_R:77;DNge033_R:76;DNa16_R:71;DNge006_R:60;DNa15_R:47;DNg97_L:46;DNa10_R:45;DNg75_R:41;DNb02_R:37;DNg89_R:30;DNa04_R:30;DNa13_R:29;DNa01_R:29;DNg13_R:27;DNge043_R:26;DNae009_R:14;DNpe013_R:13;DNg111_R:13
LC10c-2:left,vpn,left,55,100,0,7.3,26,64,0,0,0,0,0,0,23,0,106,0,22,21,0,56,0,0,0,0,0,0,240,33,0,0,2,2,2,2,2,3,2,2,2,3,3,4,
LC10c-2:left,vpn,left,55,200,0,14,37,84,1.0,0,0,0,0,0.5,40,2.0,127,0,41,41,0,71,0,0,0,0,0,0,4336,79,237140,1,2,2,2,2,2,3,2,2,2,3,3,4,DNa02_L:127;DNae002_L:121;DNa10_L:104;DNa06_L:87;DNa16_L:84;DNg111_L:82;DNb01_L:81;DNge033_L:74;DNg13_L:74;DNa04_L:72;DNg97_R:71;DNg75_L:67;DNb05_L:46;DNb05_R:43;DNa01_L:40;DNge043_L:37;DNg35_R:25;DNa15_L:25;DNg100_R:22;DNg100_L:22
LC10c-2:right,vpn,right,46,100,0,15,3.7,0,49,0,0,0,0,0,0,16,0,82,11,11,34,0,0,0,0,0,0,0,252,31,0,0,2,2,2,2,3,3,2,2,3,4,3,4,
LC10c-2:right,vpn,right,46,200,0,32,11,0,60,0,0,0,0,0,0,25,0,96,31,33,66,0,0,0,0,0,0,0,477,43,90,0,2,2,2,2,3,3,2,2,3,4,3,4,DNae002_R:100;DNa02_R:96;DNa10_R:95;DNa06_R:95;DNge033_R:82;DNg97_L:66;DNge006_R:64;DNg111_R:63;DNa16_R:63;DNb01_R:62;DNg75_R:57;DNae009_R:48;DNg13_R:47;aSP22_R:46;DNb02_R:46;DNbe004_R:38;DNge043_R:37;DNg100_R:33;DNpe013_R:32;DNg100_L:31
LC10d:left,vpn,left,93,100,0,6.0,21,71,0,0,0,0,0,0,36,0,106,0,18,18,0,44,0,0,0,0,0,0,270,38,0,0,2,2,2,2,2,3,2,2,2,3,3,3,
LC10d:left,vpn,left,93,200,0,8.3,27,89,0,0,0,0,0,0,37,0,141,0,25,24,0,56,0,0,0,0,0,0,482,51,0,0,2,2,2,2,2,3,2,2,2,3,3,3,DNa02_L:141;DNae002_L:127;DNa04_L:107;DNa16_L:95;DNp31_L:92;DNg111_L:88;DNa06_L:88;DNa10_L:81;DNbe007_L:79;aSP22_L:78;DNge033_L:75;DNb01_L:69;DNae005_L:69;DNp31_R:67;DNg13_L:66;DNg75_L:63;DNp07_L:57;DNg97_R:56;DNb05_L:53;DNbe001_L:45
LC10d:right,vpn,right,95,100,0,11,3.7,0,42,0,0,0,0,4.0,0,19,0,66,11,11,21,0,0,0,0,0,0,0,267,29,0,0,2,2,2,2,2,3,2,2,2,3,3,3,
LC10d:right,vpn,right,95,200,0,18,6.0,0,67,0,0,0,0,17,0,18,0,116,17,18,37,0,0,0,0,0,0,0,503,58,0,0,2,2,2,2,2,3,2,2,2,3,3,3,DNae002_R:142;DNa02_R:116;aSP22_R:111;DNa04_R:100;DNg111_R:89;DNp31_R:88;DNb01_R:81;DNa06_R:74;DNa16_R:73;DNge033_R:71;DNbe007_R:69;DNge006_R:61;DNb02_R:54;DNg13_R:52;DNae005_R:49;DNa10_R:48;DNp07_R:45;DNp10_R:41;DNb05_R:24;DNp54_R:21
LC10e:left,vpn,left,52,100,0,6.0,8.0,33,0.5,0,0,0,0,0,14,0,52,1.0,14,14,4.0,10,0,0,0,0,0,0,142,30,0,0,2,2,2,2,2,3,2,2,2,3,4,3,
LC10e:left,vpn,left,52,200,0,11,18,57,0.5,0,0,0,0,0,27,0,87,1.0,29,26,4.0,29,0,0,0,0,0,0,232,36,0,0,2,2,2,2,2,3,2,2,2,3,4,3,DNb05_L:98;DNa02_L:87;DNae002_L:80;DNp56_L:60;DNa16_L:60;DNg13_L:53;DNa06_L:50;DNbe003_L:46;DNa04_L:45;DNge033_L:42;DNb01_L:39;DNa15_L:39;DNg75_L:36;DNp31_L:31;DNg97_R:29;DNg100_L:29;DNa01_L:27;DNa13_L:26;DNg100_R:14;DNae005_L:14
LC10e:right,vpn,right,51,100,0,8.3,7.3,0,24,0,0,0,0,0,0,10,0,38,22,22,3.0,0,0,0,0,0,0,0,166,27,0,0,2,2,2,2,2,3,2,2,2,3,4,3,
LC10e:right,vpn,right,51,200,0,10,7.7,0,52,0,0,0,0,0,0,26,0,79,20,23,10,0,0,0,0,0,0,0,233,38,0,0,2,2,2,2,2,3,2,2,2,3,4,3,DNb05_R:90;DNa02_R:79;DNp56_R:67;DNae002_R:62;DNg13_R:60;DNa06_R:48;DNbe007_R:47;DNge033_R:46;DNae005_R:45;DNa16_R:40;DNp31_R:38;DNa04_R:37;DNge006_R:34;DNbe003_R:32;DNb08_R:30;DNb01_R:26;DNa01_R:26;DNg100_R:23;DNa15_R:14;DNb02_R:12
LC11:left,vpn,left,66,100,0,11,13,12,20,0,0,0,0,0,2.0,1.0,21,38,29,36,3.0,2.0,1.0,0,0,0,0,0,422,17,0,0,2,2,2,2,2,3,2,3,3,3,3,4,
LC11:left,vpn,left,66,200,0,50,37,10,48,0,0,2.5,0,0,2.0,44,19,51,80,87,42,24,29,0,0,0,5.0,0,781,68,0,0,2,2,2,2,2,3,2,3,3,3,3,4,DNg100_R:87;DNg100_L:80;DNg16_R:61;DNp35_L:52;DNp18_R:52;DNge018_R:52;DNa02_R:51;DNg16_L:49;DNpe037_L:48;DNbe001_L:46;DNg13_R:45;DNa01_R:44;DNg97_L:42;DNbe001_R:38;DNp19_R:36;DNpe005_R:34;DNge040_R:31;DNg75_R:31;DNp09_L:16;DNge050_R:14
LC11:right,vpn,right,61,100,0,17,28,12,9.0,0,0,0,0,0,12,2.0,11,16,41,50,11,32,0,2.0,0,0,0,0,501,27,0,0,2,2,2,2,2,3,2,2,3,3,3,4,
LC11:right,vpn,right,61,200,0,24,44,31,10,0,0.5,0,0,0,36,0,26,20,64,75,9.0,52,0,6.0,0,0.5,0,0,850,69,0,0,2,2,2,2,2,3,2,2,3,3,3,4,DNg100_R:75;DNg100_L:64;DNg97_R:52;DNbe001_R:50;DNp64_R:43;DNpe037_R:42;DNa13_L:36;DNa01_L:36;DNpe005_R:35;DNge018_R:35;DNg13_L:35;DNg16_R:31;DNg52_R:30;DNa16_R:30;DNge050_L:29;DNge053_L:28;DNa02_L:26;DNg75_R:14;DNg16_L:14;DNge050_R:13
LC12:left,vpn,left,198,100,0,11,14,0.5,3.5,0,0,4.0,0,0,1.0,1.0,0,6.0,30,40,4.0,2.0,0,0,0,0,0,8.0,428,8.5,0,0,2,2,2,2,2,3,2,3,3,3,4,4,
LC12:left,vpn,left,198,200,0,29,28,2.0,17,0,0,3.0,0,0,2.0,9.0,2.0,25,57,67,29,18,0,0,0,0,0,6.0,549,39,0,0,2,2,2,2,2,3,2,3,3,3,4,4,DNg100_R:67;DNg100_L:57;DNpe045_L:39;DNp70_L:36;DNge054_L:32;DNg13_R:30;DNg97_L:29;DNg75_R:29;DNge018_R:28;DNg52_L:26;DNa02_R:25;DNp70_R:24;DNg52_R:22;DNg43_R:21;DNg16_R:21;DNg13_L:21;DNb08_R:20;DNge050_L:20;DNge007_R:19;DNg97_R:11
LC12:right,vpn,right,182,100,0,3.0,11,16,0,0,0,0.5,0,0,0,0,31,0,9.0,29,0,4.0,0,0,0,0,1.0,0,439,22,0,0,2,2,3,2,2,3,2,3,3,3,4,4,
LC12:right,vpn,right,182,200,0,8.0,21,20,0,0,0,0,0,0,3.0,0,36,0,24,45,0,17,0,0,0,0,0,0,518,28,0,0,2,2,3,2,2,3,2,3,3,3,4,4,DNpe045_R:67;DNge054_R:64;DNg100_R:45;DNp70_R:38;DNb05_R:36;DNa02_L:36;DNa03_L:32;DNa06_L:29;DNge124_R:28;DNg52_R:28;DNa11_L:27;DNg100_L:24;DNa15_L:23;DNg74_b_L:20;DNge119_R:18;DNg97_R:17;DNg74_b_R:17;DNg13_L:17;DNa16_L:15;DNg93_L:8
LC13:left,vpn,left,75,100,0,0,0,0,0,0,0,0,0,0,0,0,0,0,0,0,0,0,0,0,0,0,0,0,102,7.5,0,0,2,2,2,2,2,3,2,2,3,3,3,4,
LC13:left,vpn,left,75,200,0,7.3,0,3.0,3.0,0,0,0,0,0,0,1.0,6.0,5.0,1.0,0,21,0,0,0,0,0,0,0,224,22,0,0,2,2,2,2,2,3,2,2,3,3,3,4,DNge054_L:79;DNa09_R:72;DNp71_L:55;DNge124_L:54;DNp43_L:50;DNge083_L:32;DNa09_L:31;DNae002_R:26;DNg97_L:21;DNg35_L:17;DNae002_L:17;DNa04_R:16;DNpe056_L:14;DNg88_R:14;DNge043_R:13;DNge043_L:12;DNg13_L:11;DNae003_R:8;DNa04_L:8;DNp13_L:6
LC13:right,vpn,right,70,100,0,5.0,12,1.5,0,0,0,0,0,0,0,0,3.0,0,14,11,1.0,20,0,4.0,0,0,0,0,204,21,0,0,2,2,2,2,2,3,2,3,3,3,3,3,
LC13:right,vpn,right,70,200,0,12,29,16,6.5,0,0,0,0,0,12,6.0,20,7.0,30,28,7.0,48,0,12,0,0,0,0,444,56,0,0,2,2,2,2,2,3,2,3,3,3,3,3,DNge054_R:79;DNp71_R:66;DNge124_R:63;DNa09_L:61;DNpe056_R:53;DNp43_R:51;DNg97_R:48;DNa09_R:43;DNge050_L:42;DNg90_R:40;DNge007_R:36;DNg13_L:34;DNge050_R:31;DNae002_L:31;DNg100_L:30;DNg100_R:28;DNge043_R:26;DNp53_R:25;DNp13_R:24;DNa04_L:14
LC15:left,vpn,left,52,100,0,34,32,7.5,26,0,0,72,0,0,8.0,27,7.0,24,58,58,43,38,0,0,0,0,59,85,684,78,0,0,2,2,2,2,2,3,2,2,3,2,4,4,
LC15:left,vpn,left,52,200,0,36,28,6.0,38,0,0.5,87,0,0,2.0,35,10,40,57,57,52,27,0,0,0,0.5,73,101,848,102,580,0,2,2,2,2,2,3,2,2,3,2,4,4,DNp01_R:101;DNp70_R:87;DNp06_R:87;DNg40_R:85;DNp70_L:84;DNp103_L:74;DNp01_L:73;DNge053_L:68;DNpe042_R:67;DNp103_R:62;DNge053_R:60;DNg100_R:57;DNg100_L:57;DNge050_L:56;DNg75_R:54;DNg97_L:52;DNg13_R:46;DNge050_R:45;DNg40_L:45;DNpe045_R:43
LC15:right,vpn,right,54,100,0,37,44,36,14,0.5,1.0,59,0,0,36,10,36,19,77,70,33,61,0,0,0.5,1.0,60,58,950,108,0,0,2,2,2,2,2,3,2,3,3,2,4,4,
LC15:right,vpn,right,54,200,0,37,54,46,7.5,3.5,5.0,79,0,0,40,7.0,53,8.0,86,85,25,76,0,1.0,3.5,5.0,80,78,946,120,440,0,2,2,2,2,2,3,2,3,3,2,4,4,DNge050_L:90;DNp70_R:87;DNg100_L:86;DNg100_R:85;DNp01_L:80;DNp01_R:78;DNp103_R:77;DNge053_L:76;DNg97_R:76;DNge050_R:75;DNg75_L:72;DNp06_L:71;DNpe042_R:70;DNg40_L:68;DNp70_L:67;DNge053_R:65;DNg13_L:64;DNp42_R:58;DNg40_R:54;DNa02_L:27
LC16:left,vpn,left,77,100,0,0,0,0,18,0,0,0,0,0,0,18,0,18,0,0,0,0,0,0,0,0,0,0,102,8.0,0,0,2,2,2,2,2,3,2,3,3,3,3,4,
LC16:left,vpn,left,77,200,0,4.0,2.0,0,32,0,0,0,0,0,0,32,0,31,6.0,6.0,6.0,0,0,0,0,0,0,0,219,10,0,0,2,2,2,2,2,3,2,3,3,3,3,4,DNp43_L:53;DNa01_R:32;DNa13_R:32;DNa02_R:31;DNp18_R:28;DNb09_R:28;DNp71_L:22;DNae005_R:16;DNp55_L:15;DNpe023_R:10;DNge050_R:6;DNge050_L:6;DNge035_L:6;DNg97_L:6;DNg100_R:6;DNg100_L:6;DNg88_R:4;DNg75_R:4;DNge026_R:3;DNa11_R:3
LC16:right,vpn,right,74,100,0,9.0,18,34,1.0,2.5,5.5,0,0,0,29,0,40,2.0,27,27,0,27,0,0,2.5,5.5,0,0,334,29,0,0,2,2,2,2,2,3,2,3,3,3,4,4,
LC16:right,vpn,right,74,200,0,18,34,54,4.0,15,18,0,0,0,45,0,63,8.0,55,52,0,49,0,0,15,18,0,0,530,61,0,0,2,2,2,2,2,3,2,3,3,3,4,4,DNa02_L:63;DNge050_L:62;DNa13_L:59;DNg100_L:55;DNg100_R:52;DNg97_R:49;DNp71_R:47;DNa01_L:45;DNge050_R:42;DNg75_L:41;DNg13_L:41;DNa06_L:37;DNb09_L:36;DNa16_L:36;DNae005_L:35;DNp18_L:33;DNge007_R:33;DNg90_R:33;DNa03_L:32;DNa11_L:18
LC17:left,vpn,left,134,100,0,49,46,2.5,41,0,0,92,0,0,4.0,41,1.0,41,86,87,55,51,6.0,0,0,0,100,84,867,88,0,0,2,2,2,2,2,3,3,3,3,2,4,4,
LC17:left,vpn,left,134,200,0,51,49,3.0,49,0,0,103,0,0,6.0,52,0,46,97,96,57,52,0,0,0,0,102,104,1095,104,4220,0,2,2,2,2,2,3,3,3,3,2,4,4,DNp70_L:123;DNp70_R:105;DNp01_R:104;DNp01_L:102;DNg100_L:97;DNg100_R:96;DNge050_L:77;DNpe042_R:73;DNge050_R:73;DNpe045_L:72;DNge018_R:60;DNpe053_L:58;DNg13_R:58;DNg97_L:57;DNpe042_L:55;DNg16_R:54;DNg97_R:52;DNa01_R:52;DNg75_R:31;DNge007_R:27
LC17:right,vpn,right,142,100,0,46,54,54,6.5,0,0,99,0,0,53,0,56,13,104,99,34,61,0,2.0,0,0,68,130,1015,120,0,0,2,2,3,2,2,3,3,3,3,3,4,4,
LC17:right,vpn,right,142,200,0,42,56,64,3.5,0,0.5,104,0,0,61,0,67,7.0,97,97,28,68,0,2.0,0,0.5,75,134,1040,122,10,0,2,2,3,2,2,3,3,3,3,3,4,4,DNp70_R:138;DNp01_R:134;DNp70_L:113;DNpe045_R:112;DNg100_R:97;DNg100_L:97;DNpe042_R:95;DNp01_L:75;DNge050_L:74;DNg13_L:69;DNg97_R:68;DNa02_L:67;DNge050_R:63;DNa01_L:61;DNp64_R:59;DNae007_L:58;DNg55_C:56;DNpe024_R:54;DNp05_R:53;DNg40_R:30
LC18:left,vpn,left,96,100,0,36,35,13,40,4.0,3.0,3.5,0,0,5.0,42,21,37,72,74,36,31,0,0,4.0,3.0,0,7.0,886,74,0,0,2,2,2,2,2,3,2,3,2,3,4,3,
LC18:left,vpn,left,96,200,0,34,36,10,38,12,7.5,1.5,0,0,7.0,38,14,37,76,74,25,35,0,0,12,7.5,0,3.0,838,80,20,0,2,2,2,2,2,3,2,3,2,3,4,3,DNg100_L:76;DNg100_R:74;DNge053_L:54;DNge050_L:54;DNa13_R:48;DNp64_L:47;DNge053_R:47;DNpe040_L:46;DNp18_R:46;DNae005_R:45;DNge050_R:40;DNa13_L:38;DNa01_R:38;DNg13_L:37;DNa02_R:37;DNb09_R:36;DNb09_L:35;DNpe037_L:33;DNpe020_L:33;DNg97_R:18
LC18:right,vpn,right,92,100,0,37,50,48,20,4.0,6.0,24,0,0,45,5.0,51,34,87,87,24,64,0,0,4.0,6.0,34,13,870,108,0,0,2,2,2,2,2,3,2,2,2,3,4,3,
LC18:right,vpn,right,92,200,0,35,52,50,12,10,12,18,0,0,53,5.0,46,18,82,81,24,76,0,0,10,12,31,5.0,972,109,0,0,2,2,2,2,2,3,2,2,2,3,4,3,DNg100_L:82;DNg100_R:81;DNpe037_R:78;DNg97_R:76;DNpe040_R:74;DNge053_L:62;DNge050_L:61;DNg13_L:61;DNa13_L:54;DNa01_L:53;DNp70_R:47;DNp70_L:46;DNge050_R:46;DNa02_L:46;DNge053_R:45;DNg13_R:42;DNpe045_R:40;DNp18_L:40;DNpe042_R:38;DNg55_C:19
LC20a:left,vpn,left,20,100,0,0,0,3.0,0,0,0,0,0,0,0,0,6.0,0,0,0,0,0,0,0,0,0,0,0,31,0.5,0,0,2,2,2,2,2,3,3,3,3,3,4,4,
LC20a:left,vpn,left,20,200,0,0,2.3,3.5,0,0,0,0,0,0,0,0,7.0,0,0,0,0,7.0,0,0,0,0,0,0,58,1.0,0,0,2,2,2,2,2,3,3,3,3,3,4,4,DNae002_L:13;DNg97_R:7;DNg13_L:7;DNa02_L:7
LC20a:right,vpn,right,26,100,0,3.7,0.3,0,8.5,0,0,0,0,0,0,0,0,17,1.0,1.0,10,0,0,0,0,0,0,0,70,5.5,0,0,2,2,2,2,2,3,3,2,3,3,4,4,
LC20a:right,vpn,right,26,200,0,9.7,2.0,0,8.5,0,0,0,0,0,0,0,0,17,6.0,6.0,23,0,0,0,0,0,0,0,126,7.5,0,0,2,2,2,2,2,3,3,2,3,3,4,4,DNae002_R:25;DNg97_L:23;DNg13_R:20;DNa02_R:17;DNb08_R:14;DNg16_R:12;DNg16_L:9;DNg75_R:8;DNge040_R:7;DNg96_R:7;DNge018_R:6;DNg100_R:6;DNg100_L:6;DNa16_R:6;DNg111_R:5;DNpe027_R:3;DNge033_R:2;DNge006_R:2;DNa06_R:2;DNpe001_R:1
LC20b:left,vpn,left,24,100,0,0,0,0,0,0,0,0,0,0,0,0,0,0,0,0,0,0,0,0,0,0,0,0,0.5,0,0,0,2,2,2,2,2,3,3,3,3,4,4,4,
LC20b:left,vpn,left,24,200,0,0,0,0,0,0,0,0,0,0,0,0,0,0,0,0,0,0,0,0,0,0,0,0,3.0,0,0,0,2,2,2,2,2,3,3,3,3,4,4,4,
LC20b:right,vpn,right,22,100,0,0,0,0,0,0,0,0,0,0,0,0,0,0,0,0,0,0,0,0,0,0,0,0,0,0,0,0,-1,-1,-1,-1,-1,-1,-1,-1,-1,-1,-1,-1,
LC20b:right,vpn,right,22,200,0,0,0,0,0,0,0,0,0,0,0,0,0,0,0,0,0,0,0,0,0,0,0,0,0,0,0,0,-1,-1,-1,-1,-1,-1,-1,-1,-1,-1,-1,-1,
LC21:left,vpn,left,68,100,0,1.7,2.0,0,1.5,0,0,1.5,0,0,0,1.0,0,2.0,5.0,6.0,0,0,0,0,0,0,1.0,2.0,258,6.5,0,0,2,2,2,2,2,3,2,2,3,2,3,4,
LC21:left,vpn,left,68,200,0,11,5.0,0,12,0,0,12,0,0,0,19,0,4.0,15,15,17,0,0,0,0,0,1.0,22,483,34,0,0,2,2,2,2,2,3,2,2,3,2,3,4,DNp35_L:124;DNg74_b_L:45;DNg74_b_R:40;DNge054_L:36;DNp18_R:30;DNa13_R:28;DNg74_a_R:28;DNbe001_R:27;DNp103_R:24;DNp06_R:24;DNb05_L:23;DNp01_R:22;DNbe001_L:21;DNb09_R:21;DNg74_a_L:20;DNg108_L:19;DNge053_L:18;DNg97_L:17;DNa01_R:11;DNp70_R:8
LC21:right,vpn,right,62,100,0,7.3,14,6.5,0,0,0,0,0,0,10,0,3.0,0,19,20,3.0,21,0,0,0,0,0,0,284,14,0,0,2,2,2,2,2,3,2,2,3,3,3,3,
LC21:right,vpn,right,62,200,0,8.7,20,23,3.0,1.0,2.5,0,0,0,31,1.0,15,5.0,25,29,1.0,31,0,0,1.0,2.5,0,0,512,38,0,0,2,2,2,2,2,3,2,2,3,3,3,3,DNp35_R:76;DNge054_R:60;DNbe001_R:46;DNa13_L:42;DNb05_R:41;DNge124_R:37;DNpe056_R:34;DNg35_R:32;DNg97_R:31;DNa01_L:31;DNp18_L:30;DNg100_R:29;DNg100_L:25;DNbe001_L:25;DNp18_R:23;DNp31_R:22;DNp71_R:21;DNp42_R:20;DNge050_L:14;DNge037_L:10
LC22:left,vpn,left,43,100,0,0,0,0,12,0,0,0,0,0,0,24,0,1.0,0,0,0,0,0,0,0,0,0,0,170,26,0,0,2,2,2,2,2,3,2,2,3,2,3,3,
LC22:left,vpn,left,43,200,0,0,0,0,19,0,0,0,0,0,0,36,0,2.0,0,0,0,0,0,0,0,0,0,0,274,37,0,0,2,2,2,2,2,3,2,2,3,2,3,3,DNp26_L:171;DNbe001_L:100;DNp05_L:96;DNp03_L:87;DNae002_R:86;DNpe037_L:61;DNg71_R:58;DNp18_R:55;DNa04_R:54;DNae010_R:48;DNb01_R:43;DNp104_R:40;DNp104_L:40;DNb09_R:40;DNa01_R:36;DNp35_L:35;DNge054_L:33;DNg05_a_R:32;DNa13_R:30;DNa15_R:14
LC22:right,vpn,right,46,100,0,0,0,21,3.0,0,0.5,0,0,0,32,0,10,6.0,0,0,0,0,0,0,0,0.5,0,0,216,34,0,0,2,2,2,2,2,3,2,2,3,2,3,3,
LC22:right,vpn,right,46,200,0,0,2.3,31,0,0.5,2.0,0,0,0,43,0,19,0,0,0,0,7.0,0,0,0.5,2.0,0,0,318,42,0,0,2,2,2,2,2,3,2,2,3,2,3,3,DNp26_R:152;DNbe001_R:135;DNp05_R:115;DNae002_L:76;DNb09_L:68;DNpe037_R:64;DNb01_L:54;DNg82_L:46;DNae010_L:45;DNa13_L:45;DNa01_L:43;DNp18_L:41;DNp104_L:40;DNp63_R:37;DNp104_R:36;DNpe017_L:34;DNa04_L:30;DNa15_L:27;DNa03_L:24;DNa10_R:16
LC24:left,vpn,left,40,100,0,0,0,11,0,0,0,0,0,0,0,0,22,0,0,0,0,0,0,0,0,0,0,0,31,6.0,0,0,2,2,2,2,2,3,2,3,3,2,4,3,
LC24:left,vpn,left,40,200,0,0.3,0,16,0,0,0,0,0,0,0,0,32,0,0,0,1.0,0,0,0,0,0,0,0,68,10,0,0,2,2,2,2,2,3,2,3,3,2,4,3,DNae005_L:38;DNbe007_L:36;DNb05_L:36;DNp56_L:33;DNa02_L:32;DNg13_L:25;DNpe002_L:17;DNge054_L:12;DNa04_L:12;DNge037_L:11;DNb08_L:4;DNg111_L:3;DNp31_L:1;DNg97_L:1;DNg13_R:1;DNa13_L:0
LC24:right,vpn,right,35,100,0,0.3,0.3,0,10,0,0,0,0,0,0,0,0,20,1.0,1.0,0,0,0,0,0,0,0,0,48,11,0,0,2,2,2,2,2,3,3,3,3,4,4,3,
LC24:right,vpn,right,35,200,0,0,0,0,12,0,0,0,0,0,0,0,0,23,0,0,0,0,0,0,0,0,0,0,81,13,0,0,2,2,2,2,2,3,3,3,3,4,4,3,DNp56_R:48;DNbe007_R:46;DNb05_R:46;DNge037_R:33;DNg13_R:32;DNge054_R:30;DNae005_R:28;DNa02_R:23;DNpe002_R:22;DNp31_R:18;DNb08_R:18;aSP22_R:11;DNg111_R:10;DNge069_R:7;DNa04_R:7;DNbe003_R:3;DNg96_R:1;DNpe003_R:0
LC25:left,vpn,left,32,100,0,0,0,0,0,0,0,0,0,0,0,0,0,0,0,0,0,0,0,0,0,0,0,0,0,0,0,0,2,3,3,3,3,3,3,3,4,4,4,4,
LC25:left,vpn,left,32,200,0,0,0,0,0,0,0,0,0,0,0,0,0,0,0,0,0,0,0,0,0,0,0,0,0,0,0,0,2,3,3,3,3,3,3,3,4,4,4,4,
LC25:right,vpn,right,28,100,0,0,0,0,0,0,0,0,0,0,0,0,0,0,0,0,0,0,0,0,0,0,0,0,0,0,0,0,-1,-1,-1,-1,-1,-1,-1,-1,-1,-1,-1,-1,
LC25:right,vpn,right,28,200,0,0,0,0,0,0,0,0,0,0,0,0,0,0,0,0,0,0,0,0,0,0,0,0,0,0,0,0,-1,-1,-1,-1,-1,-1,-1,-1,-1,-1,-1,-1,
LC26:left,vpn,left,26,100,0,0,0,0,0,0,0,0,0,0,0,0,0,0,0,0,0,0,0,0,0,0,0,0,36,0,0,0,2,2,2,2,2,3,3,3,3,3,3,4,
LC26:left,vpn,left,26,200,0,0,0,0,0,0,0,0,0,0,0,0,0,0,0,0,0,0,0,0,0,0,0,0,58,0,0,0,2,2,2,2,2,3,3,3,3,3,3,4,
LC26:right,vpn,right,31,100,0,0,0,0,0,0,0,0,0,0,0,0,0,0,0,0,0,0,0,0,0,0,0,0,36,0,0,0,2,2,3,2,2,3,3,3,3,3,4,4,
LC26:right,vpn,right,31,200,0,0,0,0,0,0,0,0,0,0,0,0,0,0,0,0,0,0,0,0,0,0,0,0,66,0,0,0,2,2,3,2,2,3,3,3,3,3,4,4,
LC27:left,vpn,left,18,100,0,0,0,0,0,0,0,0,0,0,0,0,0,0,0,0,0,0,0,0,0,0,0,0,15,0,0,0,2,2,2,3,2,3,3,3,3,3,4,3,
LC27:left,vpn,left,18,200,0,0,0,0,0,0,0,0,0,0,0,0,0,0,0,0,0,0,0,0,0,0,0,0,21,0,0,0,2,2,2,3,2,3,3,3,3,3,4,3,
LC27:right,vpn,right,19,100,0,0,0,0,0,0,0,0,0,0,0,0,0,0,0,0,0,0,0,0,0,0,0,0,12,0,0,0,2,2,2,2,3,3,3,2,3,3,4,4,
LC27:right,vpn,right,19,200,0,0,0,0,0,0,0,0,0,0,0,0,0,0,0,0,0,0,0,0,0,0,0,0,32,0,0,0,2,2,2,2,3,3,3,2,3,3,4,4,
LC28a:left,vpn,left,19,100,0,0,0,0.5,3.0,0,0,0,0,0,0,3.0,1.0,3.0,0,0,0,0,0,0,0,0,0,0,76,1.5,0,0,2,2,3,2,2,3,2,2,3,2,4,3,
LC28a:left,vpn,left,19,200,0,0.7,0,1.0,18,0,0,0,0,0,0,19,2.0,17,0,0,2.0,0,0,0,0,0,0,0,178,9.5,0,0,2,2,3,2,2,3,2,2,3,2,4,3,DNb01_R:20;DNa01_R:19;DNa02_R:17;DNa13_R:16;DNbe007_L:16;DNbe001_L:14;DNp18_R:12;DNb05_L:12;DNb09_R:11;DNa04_L:6;DNp35_L:5;DNg74_a_R:5;DNp08_L:2;DNg97_L:2;DNbe001_R:2;DNae010_R:2;DNae005_L:2;DNp31_L:1;DNp07_L:1;DNae002_L:1
LC28a:right,vpn,right,26,100,0,0.7,1.3,4.5,4.5,0,0,0,0,0,3.0,0,6.0,9.0,2.0,2.0,0,2.0,0,0,0,0,0,0,182,6.0,0,0,2,2,2,2,2,3,2,2,3,3,3,3,
LC28a:right,vpn,right,26,200,0,3.0,8.3,21,7.5,0,0,0,0,0,18,0,24,15,9.0,10,0,15,0,0,0,0,0,0,330,21,0,0,2,2,2,2,2,3,2,2,3,3,3,3,DNbe001_R:43;DNb09_L:27;DNp08_R:25;DNbe007_R:25;DNa02_L:24;DNb01_L:22;DNp31_R:20;DNae002_L:20;DNa13_L:20;DNa01_L:18;DNb05_R:16;DNg97_R:15;DNa02_R:15;DNp18_L:14;DNae005_R:14;DNa15_L:13;DNpe037_R:11;DNae010_L:8;DNg100_R:6;DNg100_L:6
LC28c:left,vpn,left,11,100,0,0,0,0,0,0,0,0,0,0,0,0,0,0,0,0,0,0,0,0,0,0,0,0,3.0,0,0,0,2,2,3,2,2,3,3,3,3,3,4,4,
LC28c:left,vpn,left,11,200,0,0,0,0,0,0,0,3.5,0,0,0,0,0,0,0,0,0,0,0,0,0,0,4.0,3.0,38,0,0,0,2,2,3,2,2,3,3,3,3,3,4,4,DNp70_L:4;DNp01_L:4;DNpe045_R:3;DNpe042_R:3;DNp70_R:3;DNp103_R:3;DNp06_R:3;DNp01_R:3;DNg40_R:3;DNg40_L:3;DNpe045_L:2;DNp103_L:1;DNp06_L:1;DNge119_R:1
LC28c:right,vpn,right,13,100,0,0,0,0,0,0,0,0,0,0,0,0,0,0,0,0,0,0,0,0,0,0,0,0,4.0,0,0,0,2,2,3,2,3,3,2,3,3,3,4,4,
LC28c:right,vpn,right,13,200,0,0,0,0,0,0,0,1.0,0,0,0,0,0,0,0,0,0,0,0,0,0,0,1.0,1.0,22,0,0,0,2,2,3,2,3,3,2,3,3,3,4,4,DNpe045_R:1;DNpe042_R:1;DNp70_R:1;DNp70_L:1;DNp06_R:1;DNp01_R:1;DNp01_L:1;DNg40_R:1;DNg40_L:1
LC29:left,vpn,left,22,100,0,0,0,0,0,0,0,0,0,0,0,0,0,0,0,0,0,0,0,0,0,0,0,0,27,3.0,0,0,2,2,2,2,2,2,2,2,3,3,3,3,
LC29:left,vpn,left,22,200,0,0,0,0,0,0,0,0,0,0,0,0,0,0,0,0,0,0,0,0,0,0,0,0,54,7.0,0,0,2,2,2,2,2,2,2,2,3,3,3,3,DNpe037_L:112;DNbe001_L:36;DNp42_L:35;DNp26_L:30;DNp31_L:28;DNpe005_R:22;DNp31_R:9;DNbe001_R:7;DNp18_R:3;DNae007_L:3;DNb09_R:1
LC29:right,vpn,right,23,100,0,0,0,0,0,0,0,0,0,0,0,0,0,0,0,0,0,0,0,0,0,0,0,0,44,4.5,0,0,2,2,2,2,2,3,2,2,2,2,3,3,
LC29:right,vpn,right,23,200,0,0,0.3,0,2.0,0,0,0,0,0,0,0,0,4.0,0,0,0,1.0,0,0,0,0,0,0,97,10,0,0,2,2,2,2,2,3,2,2,2,2,3,3,DNpe037_R:106;DNp42_R:63;DNbe001_R:49;DNpe005_R:32;DNb09_L:32;DNp31_R:30;DNp18_L:16;DNa11_L:12;DNg82_L:10;DNge133_R:10;DNg35_R:9;DNp31_L:8;DNge147_R:8;DNpe017_L:6;DNp63_R:4;DNae010_L:4;DNg13_L:3;DNae007_R:3;DNa13_R:3;DNa02_R:3
LC31a:left,vpn,left,18,100,0,85,47,14,30,0,0,16,0,0,6.0,38,22,22,92,83,58,59,105,0,0,0,28,5.0,530,86,360,0,1,2,2,2,2,2,1,2,2,2,3,3,
LC31a:left,vpn,left,18,200,0,120,63,15,56,0,0,46,0,0,1.0,67,29,45,127,117,84,72,148,0,0,0,62,31,692,116,330,0,1,2,2,2,2,2,1,2,2,2,3,3,DNp09_L:148;DNp06_L:127;DNg100_L:127;DNpe040_L:119;DNg100_R:117;DNp43_L:114;DNpe031_L:106;DNp103_L:106;DNge050_L:100;DNg55_C:95;DNg97_L:84;DNpe039_L:78;DNge050_R:78;DNge018_R:76;DNge053_L:73;DNg13_R:73;DNp70_L:72;DNg97_R:72;DNp71_L:71;DNp35_L:37
LC31a:right,vpn,right,17,100,0,38,80,28,20,1.0,2.5,20,0,0,36,7.0,19,33,81,80,34,66,0,94,1.0,2.5,1.0,39,598,100,50,0,1,2,2,2,2,2,1,2,2,2,3,3,
LC31a:right,vpn,right,17,200,0,55,112,42,12,0,1.0,46,0,0,58,0,26,25,111,104,55,85,0,148,0,1.0,20,71,730,116,0,0,1,2,2,2,2,2,1,2,2,2,3,3,DNp09_R:148;DNp06_R:146;DNp43_R:123;DNpe040_R:115;DNp103_R:115;DNg100_L:111;DNg100_R:104;DNpe031_R:92;DNg55_C:90;DNp35_R:89;DNge053_L:87;DNpe042_R:86;DNg97_R:85;DNpe039_R:84;DNg40_R:72;DNp70_R:71;DNp01_R:71;DNge053_R:71;DNp71_R:68;DNg13_L:36
LC33:left,vpn,left,14,100,0,0,0,0,0,0,0,0,0,0,0,0,0,0,0,0,0,0,0,0,0,0,0,0,0,0,0,0,-1,-1,-1,-1,-1,-1,-1,-1,-1,-1,-1,-1,
LC33:left,vpn,left,14,200,0,0,0,0,0,0,0,0,0,0,0,0,0,0,0,0,0,0,0,0,0,0,0,0,0,0,0,0,-1,-1,-1,-1,-1,-1,-1,-1,-1,-1,-1,-1,
LC33:right,vpn,right,15,100,0,0,0,0,0,0,0,0,0,0,0,0,0,0,0,0,0,0,0,0,0,0,0,0,0,0,0,0,-1,-1,-1,-1,-1,-1,-1,-1,-1,-1,-1,-1,
LC33:right,vpn,right,15,200,0,0,0,0,0,0,0,0,0,0,0,0,0,0,0,0,0,0,0,0,0,0,0,0,0,0,0,0,-1,-1,-1,-1,-1,-1,-1,-1,-1,-1,-1,-1,
LC36:left,vpn,left,18,100,0,0,0,8.0,18,0,0,0,0,0,0,1.0,16,35,0,0,0,0,0,0,0,0,0,0,146,30,0,0,2,2,2,2,2,2,2,2,2,3,3,3,
LC36:left,vpn,left,18,200,0,0,0,13,20,0,0,0,0,0,0,7.0,26,32,0,0,0,0,0,0,0,0,0,0,204,37,0,0,2,2,2,2,2,2,2,2,2,3,3,3,DNpe055_L:125;DNp31_L:100;DNpe002_L:81;DNge037_L:80;DNb05_L:77;DNp56_L:72;DNpe001_L:70;DNae005_L:58;DNpe055_R:56;DNp31_R:53;DNp10_L:51;DNbe007_L:51;DNb04_L:47;DNa15_R:46;DNae006_L:41;DNa06_R:34;DNge033_R:33;DNa16_R:32;DNa02_R:32;DNpe001_R:15
LC36:right,vpn,right,17,100,0,0,0,18,10,0,0,0,0,0,0,0,37,20,0,0,0,0,0,0,0,0,0,0,120,27,0,0,2,2,2,2,2,2,2,2,2,2,3,3,
LC36:right,vpn,right,17,200,0,0,0,34,22,0,0,0,0,0,19,0,48,44,0,0,0,0,0,0,0,0,0,0,196,43,0,0,2,2,2,2,2,2,2,2,2,2,3,3,DNp31_R:110;DNpe055_R:102;DNpe001_R:80;DNb05_R:78;DNge037_R:77;DNpe002_R:76;DNp56_R:71;DNa15_L:63;DNae005_R:60;DNa02_L:48;DNge037_L:47;DNbe007_R:44;DNa02_R:44;DNpe001_L:43;DNpe055_L:41;DNa16_L:41;DNpe017_R:37;DNb06_R:33;DNp31_L:32;DNa13_L:32
LC4:left,vpn,left,54,100,0,0.7,0,0,20,0,0,68,0,0,0,31,0,10,0,0,2.0,0,0,0,0,0,88,49,236,30,0,0,2,2,2,1,2,3,2,2,2,1,3,3,
LC4:left,vpn,left,54,200,0,8.7,2.3,0,27,3.5,4.0,90,0,0,0,42,0,12,10,7.0,16,0,0,0,3.5,4.0,133,48,346,41,0,0,2,2,2,1,2,3,2,2,2,1,3,3,DNp04_L:213;DNp11_L:167;DNp02_L:165;DNp05_L:133;DNp01_L:133;DNp03_L:126;DNge119_L:69;DNge119_R:62;DNp35_L:58;DNg40_R:50;DNp06_R:49;DNb09_R:49;DNp01_R:48;DNa13_R:44;DNp70_L:44;DNp18_R:42;DNg40_L:41;DNae002_R:40;DNa01_R:23;DNa05_R:19
LC4:right,vpn,right,50,100,0,0,0,22,0,0,0,62,0,0,28,0,15,0,0,0,0,0,0,0,0,0,31,92,247,30,0,0,2,2,2,1,2,2,2,2,2,1,3,3,
LC4:right,vpn,right,50,200,0,0,0,26,0,0,0,86,0,0,39,0,13,0,0,0,0,0,0,0,0,0,30,142,321,35,0,0,2,2,2,1,2,2,2,2,2,1,3,3,DNp04_R:191;DNp02_R:158;DNp01_R:142;DNp11_R:133;DNp05_R:117;DNge119_R:81;DNge119_L:63;DNp06_L:51;DNb09_L:49;DNa04_L:44;DNpe045_R:42;DNae002_L:39;DNa01_L:39;DNge037_L:38;DNa05_L:37;DNa13_L:36;DNg40_L:35;DNpe037_R:34;DNp18_L:34;DNpe024_R:16
LC40:left,vpn,left,19,100,0,0,0,0,0,0,0,0,0,0,0,0,0,0,0,0,0,0,0,0,0,0,0,0,34,0,0,0,2,2,2,2,2,3,2,2,3,3,3,3,
LC40:left,vpn,left,19,200,0,0,0,2.0,0,0,0,0,0,0,0,0,4.0,0,0,0,0,0,0,0,0,0,0,0,80,1.5,0,0,2,2,2,2,2,3,2,2,3,3,3,3,DNb05_L:28;DNp56_L:10;DNae005_L:4;DNa02_L:4;DNg13_L:1
LC40:right,vpn,right,18,100,0,0,0,0,0,0,0,0,0,0,0,0,0,0,0,0,0,0,0,0,0,0,0,0,38,0,0,0,2,2,2,2,2,3,2,3,3,2,3,3,
LC40:right,vpn,right,18,200,0,0,0,0,1.5,0,0,0,0,0,0,0,0,3.0,0,0,0,0,0,0,0,0,0,0,90,1.5,0,0,2,2,2,2,2,3,2,3,3,2,3,3,DNb05_R:23;DNp56_R:9;DNg13_R:3;DNae005_R:3;DNa02_R:3;DNb08_R:1
LC6:left,vpn,left,65,100,0,9.0,4.3,0,32,0,0,108,0,0,0,45,0,20,13,13,14,0,0,0,0,0,119,96,423,64,0,0,1,2,2,2,2,3,2,2,2,2,3,3,
LC6:left,vpn,left,65,200,0,7.0,4.0,0,48,18,18,121,0,0,0,63,0,34,14,12,7.0,0,0,0,18,18,129,113,580,82,0,0,1,2,2,2,2,3,2,2,2,2,3,3,DNp70_L:162;DNp01_L:129;DNp103_L:127;DNp70_R:113;DNp01_R:113;DNg40_R:87;DNg40_L:84;DNpe042_R:80;DNpe045_L:79;DNp05_L:78;DNpe042_L:71;DNa01_R:63;DNb09_R:54;DNp18_R:53;DNpe016_R:52;DNge119_R:51;DNge053_R:51;DNb09_L:49;DNge053_L:27;DNb05_L:25
LC6:right,vpn,right,60,100,0,9.0,21,52,0,8.5,6.5,126,0,0,62,0,41,0,27,26,0,38,0,0,8.5,6.5,116,136,517,74,0,0,2,2,2,2,2,3,2,2,2,2,3,3,
LC6:right,vpn,right,60,200,0,8.0,20,50,0,18,15,144,0,0,65,0,34,0,24,27,0,33,0,0,18,15,133,154,677,91,0,0,2,2,2,2,2,3,2,2,2,2,3,3,DNp70_R:164;DNp01_R:154;DNp70_L:135;DNp103_R:134;DNp01_L:133;DNpe042_R:112;DNpe045_R:109;DNg40_L:106;DNg40_R:103;DNp05_R:99;DNge119_R:74;DNb05_R:72;DNp06_L:65;DNa01_L:65;DNg108_L:59;DNb09_L:58;DNg108_R:57;DNp45_R:53;DNpe016_L:27;DNge053_L:27
LC9:left,vpn,left,87,100,0,51,23,5.0,31,2.5,1.5,0,0,0,4.0,62,6.0,0,69,66,21,2.0,62,0,2.5,1.5,0,0,580,65,0,0,1,1,2,2,2,2,1,2,2,2,3,3,
LC9:left,vpn,left,87,200,0,68,25,10,38,8.0,7.0,0,0,0,0,76,20,0,78,76,17,0,109,0,8.0,7.0,0,0,779,80,0,0,1,1,2,2,2,2,1,2,2,2,3,3,DNp09_L:109;DNp11_L:106;DNg16_R:85;DNg100_L:78;DNg100_R:76;DNa01_R:76;DNpe022_R:75;DNg16_L:75;DNg90_L:74;DNp05_L:65;DNp53_R:63;DNpe016_R:59;DNg111_L:56;DNg13_R:55;DNpe023_R:54;DNge018_R:53;DNb01_R:52;DNp70_L:51;DNp18_R:48;DNge043_L:27
LC9:right,vpn,right,92,100,0,26,69,54,24,19,16,9.0,0,0,83,0,24,48,79,81,0,38,0,88,19,16,13,5.0,802,98,0,0,1,1,2,2,2,3,1,1,2,2,3,3,
LC9:right,vpn,right,92,200,0,30,101,68,32,36,32,8.5,0,0,100,0,35,64,91,96,0,48,0,159,36,32,14,3.0,996,118,0,0,1,1,2,2,2,3,1,1,2,2,3,3,DNp09_R:159;DNpe024_R:110;DNa01_L:100;DNpe037_R:98;DNg100_R:96;DNp05_R:93;DNg100_L:91;DNb09_L:88;DNa13_L:88;DNa06_R:87;DNg90_R:81;DNp71_R:80;DNp18_L:78;DNg75_R:78;DNpe022_L:70;DNp70_R:70;DNg16_R:70;DNg55_C:69;DNa11_R:69;DNpe013_R:36
LCe01a:left,vpn,left,10,100,0,0,0,0,0,0,0,0,0,0,0,0,0,0,0,0,0,0,0,0,0,0,0,0,0,0,0,0,2,2,2,3,2,3,3,3,4,3,4,4,
LCe01a:left,vpn,left,10,200,0,0,0,0,0,0,0,0,0,0,0,0,0,0,0,0,0,0,0,0,0,0,0,0,1.5,0,0,0,2,2,2,3,2,3,3,3,4,3,4,4,
LCe01a:right,vpn,right,12,100,0,0,0,0,0,0,0,0,0,0,0,0,0,0,0,0,0,0,0,0,0,0,0,0,0,0,0,0,2,3,3,2,3,3,3,4,4,4,4,4,
LCe01a:right,vpn,right,12,200,0,0,0,0,0,0,0,0,0,0,0,0,0,0,0,0,0,0,0,0,0,0,0,0,0,0,0,0,2,3,3,2,3,3,3,4,4,4,4,4,
LCe01b:left,vpn,left,22,100,0,0,0,0,0,0,0,0,0,0,0,0,0,0,0,0,0,0,0,0,0,0,0,0,0,0,0,0,2,2,3,2,2,3,-1,-1,-1,-1,-1,-1,
LCe01b:left,vpn,left,22,200,0,0,0,0,0,0,0,0,0,0,0,0,0,0,0,0,0,0,0,0,0,0,0,0,0,0,0,0,2,2,3,2,2,3,-1,-1,-1,-1,-1,-1,
LCe01b:right,vpn,right,23,100,0,0,0,0,0,0,0,0,0,0,0,0,0,0,0,0,0,0,0,0,0,0,0,0,0,0,0,0,-1,-1,-1,-1,-1,-1,-1,-1,-1,-1,-1,-1,
LCe01b:right,vpn,right,23,200,0,0,0,0,0,0,0,0,0,0,0,0,0,0,0,0,0,0,0,0,0,0,0,0,0,0,0,0,-1,-1,-1,-1,-1,-1,-1,-1,-1,-1,-1,-1,
LCe02:left,vpn,left,25,100,0,0,0,0,0,0,0,0,0,0,0,0,0,0,0,0,0,0,0,0,0,0,0,0,13,0,0,0,2,2,3,2,3,3,3,3,3,4,4,4,
LCe02:left,vpn,left,25,200,0,0,0,0,0,0,0,0,0,0,0,0,0,0,0,0,0,0,0,0,0,0,0,0,22,0,0,0,2,2,3,2,3,3,3,3,3,4,4,4,
LCe02:right,vpn,right,28,100,0,0,0,0,0,0,0,0,0,0,0,0,0,0,0,0,0,0,0,0,0,0,0,0,16,0,0,0,2,3,3,2,3,3,3,3,3,3,4,4,
LCe02:right,vpn,right,28,200,0,0,0,0,0,0,0,0,0,0,0,0,0,0,0,0,0,0,0,0,0,0,0,0,31,0,0,0,2,3,3,2,3,3,3,3,3,3,4,4,DNb05_R:6
LCe03:left,vpn,left,12,100,0,0,0,0,0,0,0,0,0,0,0,0,0,0,0,0,0,0,0,0,0,0,0,0,0,0,0,0,-1,-1,-1,-1,-1,-1,-1,-1,-1,-1,-1,-1,
LCe03:left,vpn,left,12,200,0,0,0,0,0,0,0,0,0,0,0,0,0,0,0,0,0,0,0,0,0,0,0,0,0,0,0,0,-1,-1,-1,-1,-1,-1,-1,-1,-1,-1,-1,-1,
LCe03:right,vpn,right,25,100,0,0,0,0,0,0,0,0,0,0,0,0,0,0,0,0,0,0,0,0,0,0,0,0,0,0,0,0,-1,-1,-1,-1,-1,-1,-1,-1,-1,-1,-1,-1,
LCe03:right,vpn,right,25,200,0,0,0,0,0,0,0,0,0,0,0,0,0,0,0,0,0,0,0,0,0,0,0,0,0,0,0,0,-1,-1,-1,-1,-1,-1,-1,-1,-1,-1,-1,-1,
LCe04:left,vpn,left,19,100,0,28,13,1.0,31,0,0,2.5,0,0,0,25,2.0,37,35,34,34,5.0,14,0,0,0,5.0,0,160,40,0,0,1,2,2,1,2,2,1,2,3,1,3,3,
LCe04:left,vpn,left,19,200,0,42,16,9.0,42,0,0,30,0,0,0,37,18,46,39,39,37,10,49,0,0,0,46,15,184,58,0,0,1,2,2,1,2,2,1,2,3,1,3,3,DNp09_L:49;DNae007_R:48;DNpe016_R:47;DNp70_L:47;DNp01_L:46;DNg40_L:46;DNa02_R:46;DNb01_R:43;DNa11_L:42;DNg13_R:40;DNg75_R:39;DNg100_R:39;DNg100_L:39;DNg97_L:37;DNa01_R:37;DNa06_R:36;DNge040_R:33;DNa06_L:28;DNge033_R:16;DNge007_R:15
LCe04:right,vpn,right,18,100,0,20,46,23,18,0,0,1.5,0,0,26,0,20,36,44,44,16,39,0,56,0,0,1.0,2.0,186,36,0,0,1,2,2,2,2,2,1,2,3,2,3,3,
LCe04:right,vpn,right,18,200,0,23,58,37,21,0,0,16,0,0,39,0,35,42,55,52,13,46,0,77,0,0,8.0,24,255,50,0,0,1,2,2,2,2,2,1,2,3,2,3,3,DNp09_R:77;DNg100_L:55;DNa11_R:54;DNg13_L:53;DNpe016_L:52;DNg100_R:52;DNb01_L:51;DNa06_R:48;DNg97_R:46;DNae007_L:46;DNa02_R:42;DNa01_L:39;DNge050_L:36;DNa02_L:35;DNp70_R:25;DNp01_R:24;DNge040_L:24;DNge006_R:15;DNge018_R:14;DNg75_R:14
LLPC1:left,vpn,left,106,100,0,15,34,80,9.5,0,0,0,0,0,31,18,130,1.0,46,57,0,45,0,0,0,0,0,0,632,52,0,0,1,1,2,2,2,2,1,1,3,2,3,4,
LLPC1:left,vpn,left,106,200,0,16,36,92,31,0.5,1.5,0,0,0,33,49,150,13,49,58,0,51,0,0,0.5,1.5,0,0,919,76,0,0,1,1,2,2,2,2,1,1,3,2,3,4,DNbe001_L:196;DNae002_L:162;DNa02_L:150;DNp26_L:128;DNa04_L:125;DNa16_L:122;DNpe056_L:105;DNp26_R:104;DNa06_L:94;DNbe001_R:93;DNa15_L:90;DNp07_L:86;DNge033_L:80;DNg75_L:80;DNg41_L:76;DNp18_L:62;DNg100_R:58;DNae010_L:57;DNp31_R:55;DNp18_R:28
LLPC1:right,vpn,right,113,100,0,23,23,3.0,66,0,0,0,0,0,5.0,19,1.0,114,47,64,21,5.0,0,0,0,0,0,0,624,56,0,0,1,1,2,2,2,3,1,2,3,2,3,3,
LLPC1:right,vpn,right,113,200,0,25,26,28,82,1.0,1.5,0,0,0,42,23,13,140,52,69,23,8.0,0,0,1.0,1.5,0,0,861,68,0,0,1,1,2,2,2,3,1,2,3,2,3,3,DNbe001_R:189;DNae002_R:162;DNa02_R:140;DNp26_L:123;DNa16_R:121;DNa04_R:114;DNpe056_R:106;DNa15_R:87;DNbe001_L:80;DNp26_R:75;DNp31_R:74;DNge033_R:74;DNg100_R:69;DNp07_R:67;DNa06_R:64;DNb02_R:62;DNge006_R:59;DNg75_R:58;DNg100_L:52;DNb05_R:28
LLPC2:left,vpn,left,120,100,0,12,14,38,0.5,0,0,0,0,0,8.0,0,67,1.0,35,42,0,1.0,0,0,0,0,0,0,298,34,0,0,2,2,2,2,3,2,2,2,2,2,3,4,
LLPC2:left,vpn,left,120,200,0,14,18,60,5.5,0,3.0,1.0,0,0,29,6.0,91,5.0,41,50,0,5.0,0,0,0,3.0,0,2.0,554,66,0,0,2,2,2,2,3,2,2,2,2,2,3,4,DNp31_L:208;DNb05_L:177;DNp31_R:118;DNp12_L:96;DNa02_L:91;DNp26_L:76;DNp07_L:71;DNb06_R:68;DNp10_L:65;DNae002_L:59;DNg100_R:50;DNp18_R:46;DNp73_R:45;DNa04_L:44;DNbe001_L:43;DNpe017_R:42;DNg100_L:41;DNb05_R:41;DNge041_L:36;DNa11_L:33
LLPC2:right,vpn,right,115,100,0,17,22,0.5,28,0,0,0,0,0,0,5.0,1.0,50,49,62,2.0,3.0,0,0,0,0,0,0,423,34,0,0,2,2,2,2,2,3,2,2,2,2,3,4,
LLPC2:right,vpn,right,115,200,0,20,27,0.5,52,0,0,0,0,0,0,24,1.0,81,58,73,2.0,7.0,0,0,0,0,0,0,636,64,0,0,2,2,2,2,2,3,2,2,2,2,3,4,DNp31_R:211;DNb05_R:193;DNp31_L:134;DNa02_R:81;DNp07_R:77;DNg100_R:73;DNp26_R:66;DNg100_L:58;DNae002_R:53;DNbe001_R:47;DNb05_L:47;DNg35_R:45;DNg99_R:43;DNa04_R:39;DNae002_L:37;DNa11_R:35;DNp18_L:34;DNg52_R:34;DNa06_R:33;DNb04_R:32
LLPC3:left,vpn,left,102,100,0,13,15,3.0,18,0,0,0,0,0,0,10,6.0,27,38,45,2.0,1.0,0,0,0,0,0,0,366,25,0,0,2,2,2,2,2,3,2,2,3,3,3,4,
LLPC3:left,vpn,left,102,200,0,18,20,5.5,30,0,0.5,0,0,0,0,16,11,44,48,57,7.0,2.0,0,0,0,0.5,0,0,552,45,0,0,2,2,2,2,2,3,2,2,3,3,3,4,DNa10_L:162;DNa10_R:104;DNp07_L:80;DNae002_R:63;DNg100_R:57;DNp18_R:56;DNg100_L:48;DNa02_R:44;DNb01_R:40;DNge041_R:37;DNp71_L:36;DNge043_L:35;DNg90_L:29;DNa13_R:29;DNp53_R:26;DNp43_L:23;DNbe004_R:23;DNp26_L:13;DNg75_L:12;DNae009_R:12
LLPC3:right,vpn,right,102,100,0,18,27,12,12,0,1.0,0,0,0,3.0,4.0,21,21,44,61,9.0,19,0,0,0,1.0,0,0,558,44,0,0,2,2,2,2,2,3,2,3,3,3,3,4,
LLPC3:right,vpn,right,102,200,0,26,34,16,18,0.5,2.0,0,0,0,4.0,5.0,27,30,65,76,14,26,0,0,0.5,2.0,0,0,692,60,10,0,2,2,2,2,2,3,2,3,3,3,3,4,DNa10_R:162;DNa10_L:106;DNg100_R:76;DNg100_L:65;DNge043_R:54;DNp71_R:49;DNg90_R:49;DNge050_L:40;DNp53_R:37;DNg52_R:37;DNpe013_R:35;DNge007_R:35;DNg75_R:33;DNge050_R:32;DNp18_L:31;DNg75_L:31;DNae002_R:31;DNa02_R:30;DNa11_R:18;DNp26_L:16
LPC1:left,vpn,left,82,100,0,13,16,32,0,21,24,0,0,0,3.0,0,61,0,39,49,0,0,0,0,21,24,0,0,348,42,0,0,2,2,2,2,2,2,2,2,2,2,3,4,
LPC1:left,vpn,left,82,200,0,13,18,34,3.5,30,34,0,0,0,6.0,7.0,61,0,40,55,0,0,0,0,30,34,0,0,476,51,0,0,2,2,2,2,2,2,2,2,2,2,3,4,DNae002_R:103;DNb01_R:75;DNa07_L:73;DNa11_L:66;DNa09_R:65;DNpe019_R:64;DNp66_L:61;DNa02_L:61;DNpe023_L:58;DNg100_R:55;DNp73_R:52;DNpe056_L:49;DNge041_L:46;DNb06_R:46;DNpe019_L:45;DNae003_R:42;DNg100_L:40;DNp51_R:37;DNa13_L:37;MDN_R:34
LPC1:right,vpn,right,82,100,0,18,23,0.5,43,18,16,0,0,0,0,35,1.0,51,53,66,1.0,3.0,0,0,18,16,0,0,516,46,0,0,2,2,2,2,2,3,2,2,2,2,3,3,
LPC1:right,vpn,right,82,200,0,19,26,2.0,34,28,26,0,0,0,0,34,4.0,35,57,71,0,6.0,0,0,28,26,0,0,634,54,0,0,2,2,2,2,2,3,2,2,2,2,3,3,DNae002_L:110;DNb01_L:81;DNae003_L:76;DNg100_R:71;DNa09_L:70;DNa11_R:64;DNpe019_L:63;DNp31_R:59;DNg100_L:57;DNpe023_R:53;DNp66_R:53;DNa13_R:53;DNp18_R:47;DNge041_R:47;DNp18_L:45;DNge107_L:45;DNb05_R:45;DNb01_R:43;DNa02_R:21;DNg52_R:20
LPC2:left,vpn,left,54,100,0,0,0,0,0,0,0,0,0,0,0,0,0,0,0,0,0,0,0,0,0,0,0,0,50,3.5,0,0,2,2,2,2,2,3,3,3,3,3,4,4,
LPC2:left,vpn,left,54,200,0,0,0,1.0,0,0,0,0,0,0,0,0,2.0,0,0,0,0,0,0,0,0,0,0,0,138,14,0,0,2,2,2,2,2,3,3,3,3,3,4,4,DNp31_L:137;DNae002_L:66;DNae003_L:37;DNp31_R:36;DNpe019_L:28;DNb01_L:28;DNp10_L:27;DNb05_L:27;DNp18_R:17;DNge030_L:15;DNp07_L:11;DNa09_L:10;DNp51_L:9;DNbe001_R:9;DNp26_R:8;DNb05_R:8;DNae010_L:2;DNa02_L:2;DNa16_L:1;DNa15_L:1
LPC2:right,vpn,right,62,100,0,0,0,0,0,0,0,0,0,0,0,0,0,0,0,0,0,0,0,0,0,0,0,0,58,4.0,0,0,2,2,2,2,3,3,3,2,3,3,4,4,
LPC2:right,vpn,right,62,200,0,0,0,2.5,3.0,0,0,0,0,0,0,0,5.0,6.0,0,0,0,0,0,0,0,0,0,0,410,18,0,0,2,2,2,2,3,3,3,2,3,3,4,4,DNp31_R:156;DNb05_R:89;DNp31_L:62;DNp07_R:44;DNp26_L:36;DNae002_R:36;DNp47_R:22;DNg99_R:22;DNg35_R:20;DNge054_R:19;DNbe007_R:19;DNbe001_L:19;DNpe019_R:15;DNp51_R:11;DNb06_R:9;DNp18_R:8;DNa04_R:7;DNa16_R:6;DNbe001_R:5;DNae003_R:5
LPLC1:left,vpn,left,68,100,0,40,26,0,32,0.5,0,0,0,0,0,47,0,17,69,65,43,12,8.0,0,0.5,0,0,0,808,81,0,0,2,2,2,2,2,3,2,3,3,2,3,3,
LPLC1:left,vpn,left,68,200,0,37,23,0,29,0.5,1.0,0,0,0,0,56,0,2.0,58,57,50,13,4.0,0,0.5,1.0,0,0,939,92,0,0,2,2,2,2,2,3,2,3,3,2,3,3,DNp03_L:180;DNp06_L:155;DNp11_L:149;DNp35_L:145;DNa05_R:88;DNa09_R:86;DNa07_L:71;DNbe004_R:70;DNb01_R:66;DNae002_R:66;DNg74_b_R:59;DNg74_b_L:59;DNg42_R:59;DNg100_L:58;DNae004_R:58;DNg91_R:57;DNg100_R:57;DNp103_L:34;DNa01_R:31;DNg97_L:29
LPLC1:right,vpn,right,72,100,0,37,57,47,1.5,2.0,3.5,0.5,0,0,59,0,35,3.0,87,92,25,72,0,6.0,2.0,3.5,1.0,0,938,104,0,0,2,2,2,2,2,3,2,3,3,2,3,3,
LPLC1:right,vpn,right,72,200,0,31,51,30,0,2.5,6.0,0,0,0,59,0,2.0,0,79,85,13,65,0,2.0,2.5,6.0,0,0,990,93,0,0,2,2,2,2,2,3,2,3,3,2,3,3,DNp06_R:143;DNp35_R:139;DNp34_L:87;DNg100_R:85;DNg100_L:79;DNa05_L:79;DNp11_R:77;DNpe040_R:73;DNa07_R:73;DNbe004_L:68;DNae004_L:68;DNg97_R:65;DNae002_L:65;DNp64_R:60;DNa09_L:59;DNa01_L:59;DNbe004_R:56;DNa13_L:54;DNg55_C:54;DNa04_L:27
LPLC2:left,vpn,left,108,100,0,10,4.0,0,32,0,0,104,0,0,0,31,0,34,8.0,10,21,2.0,2.0,0,0,0,113,95,444,58,0,0,1,2,2,1,2,3,1,2,2,1,3,3,
LPLC2:left,vpn,left,108,200,0,30,12,0,30,0,0,130,0,0,0,40,0,19,29,24,37,11,25,0,0,0,146,115,702,86,0,0,1,2,2,1,2,3,1,2,2,1,3,3,DNp103_L:218;DNp04_L:176;DNp01_L:146;DNg40_L:139;DNp70_L:126;DNpe056_L:121;DNp01_R:115;DNp70_R:112;DNg40_R:101;DNpe042_R:98;DNge053_L:93;DNge053_R:91;DNpe042_L:89;DNp06_L:86;DNpe045_L:76;DNp06_R:74;DNge119_L:73;DNge119_R:66;DNp71_L:63;DNb05_L:34
LPLC2:right,vpn,right,102,100,0,2.0,11,36,0,0,0.5,112,0,0,30,0,43,0,6.0,7.0,0,27,0,0,0,0.5,90,133,446,62,0,0,1,2,2,1,2,2,1,2,2,1,3,3,
LPLC2:right,vpn,right,102,200,0,3.7,16,36,0,0,4.0,141,0,0,33,0,38,0,10,12,1.0,36,0,0,0,4.0,104,178,698,84,0,0,1,2,2,1,2,2,1,2,2,1,3,3,DNp103_R:209;DNp01_R:178;DNp04_R:173;DNg40_R:136;DNp70_R:126;DNp55_R:122;DNpe042_R:119;DNpe056_R:112;DNp70_L:106;DNp34_L:105;DNp01_L:104;DNpe045_R:102;DNpe025_R:100;DNge053_L:99;DNge119_R:98;DNp06_R:97;DNg40_L:94;DNge053_R:92;DNb05_R:78;DNge119_L:36
LPLC4:left,vpn,left,56,100,0,0.7,0,38,22,2.5,8.5,0,0,0,0,31,75,14,0,0,2.0,0,0,0,2.5,8.5,0,0,626,87,0,0,2,2,2,2,2,2,2,2,2,2,3,3,
LPLC4:left,vpn,left,56,200,0,0.7,0,40,41,14,20,0,0,7.0,0,54,80,28,0,0,2.0,0,0,0,14,20,0,0,820,107,0,0,2,2,2,2,2,2,2,2,2,2,3,3,DNb05_L:256;DNp07_L:209;DNp03_L:197;DNp26_L:190;DNbe001_L:188;DNp31_L:180;DNbe007_L:165;DNge054_L:161;DNp57_L:146;DNp05_L:116;DNp10_L:105;DNp18_L:104;DNa04_L:97;DNp07_R:85;DNg82_L:82;DNg71_R:82;DNg79_L:82;DNae002_R:78;DNa10_L:43;DNpe017_L:41
LPLC4:right,vpn,right,54,100,0,0,2.0,34,32,0,0.5,0,0,1.5,32,0,37,63,0,0,0,6.0,0,0,0,0.5,0,0,536,76,0,0,2,1,2,2,2,3,2,2,2,2,3,3,
LPLC4:right,vpn,right,54,200,0,0,4.3,54,31,4.5,8.0,0,0,0,49,0,60,62,0,0,0,13,0,0,4.5,8.0,0,0,710,90,0,0,2,1,2,2,2,3,2,2,2,2,3,3,DNb05_R:263;DNp31_R:206;DNbe001_R:197;DNp07_R:189;DNbe007_R:188;DNge054_R:172;DNp26_R:169;DNg82_R:124;DNp57_R:114;DNp18_R:105;DNge037_R:96;DNa04_R:92;DNp05_R:91;DNp47_R:83;DNpe017_R:82;DNg99_R:81;DNpe002_R:76;DNpe056_R:70;DNg35_R:67;DNa15_L:40
LPTe01:left,vpn,left,18,100,0,0,0,0,6.0,0,0,0,0,0,0,4.0,0,8.0,0,0,0,0,0,0,0,0,0,0,89,9.0,0,0,2,2,2,2,3,3,3,3,3,3,4,5,
LPTe01:left,vpn,left,18,200,0,0,0,5.0,9.0,0,0,0,0,0,0,4.0,10,14,0,0,0,0,0,0,0,0,0,0,180,20,0,0,2,2,2,2,3,3,3,3,3,3,4,5,DNae002_L:78;DNae003_L:59;DNp22_L:54;DNg46_L:54;DNb01_L:51;DNpe019_L:49;DNp51_L:33;DNa09_L:32;DNge088_L:31;DNp18_R:28;DNge097_L:27;DNp26_R:26;DNbe001_R:25;DNa16_L:17;DNa11_L:17;DNg71_L:14;DNae010_L:14;DNa02_R:14;DNa13_R:8;DNa02_L:7
LPTe01:right,vpn,right,20,100,0,0,0,5.0,2.0,0,0,0,0,0,0,3.0,10,1.0,0,0,0,0,0,0,0,0,0,0,162,12,0,0,2,2,2,2,2,3,3,3,3,3,4,5,
LPTe01:right,vpn,right,20,200,0,0,0,3.5,5.5,0,0,0,0,0,0,7.0,7.0,4.0,0,0,0,0,0,0,0,0,0,0,282,26,0,0,2,2,2,2,2,3,3,3,3,3,4,5,DNg46_R:108;DNp22_R:79;DNae002_R:74;DNpe019_R:58;DNb01_R:53;DNp51_R:51;DNge088_R:51;DNp26_L:47;DNae003_R:44;DNa11_R:38;DNa09_R:30;DNge043_R:28;DNg71_R:28;DNp15_L:25;DNp53_R:24;DNbe001_L:24;DNae010_R:23;DNg05_a_R:22;DNpe013_R:17;DNge097_R:10
LT51:left,vpn,left,11,100,0,0,0,0,0,0,0,0,0,0,0,0,0,0,0,0,0,0,0,0,0,0,0,0,0,0,0,0,-1,-1,-1,-1,-1,-1,-1,-1,-1,-1,-1,-1,
LT51:left,vpn,left,11,200,0,0,0,0,0,0,0,0,0,0,0,0,0,0,0,0,0,0,0,0,0,0,0,0,0,0,0,0,-1,-1,-1,-1,-1,-1,-1,-1,-1,-1,-1,-1,
LT51:right,vpn,right,11,100,0,0,0,0,0,0,0,0,0,0,0,0,0,0,0,0,0,0,0,0,0,0,0,0,0,0,0,0,-1,-1,-1,-1,-1,-1,-1,-1,-1,-1,-1,-1,
LT51:right,vpn,right,11,200,0,0,0,0,0,0,0,0,0,0,0,0,0,0,0,0,0,0,0,0,0,0,0,0,0,0,0,0,-1,-1,-1,-1,-1,-1,-1,-1,-1,-1,-1,-1,
LT52:left,vpn,left,15,100,0,0,0,0,0,0,0,0,0,0,0,0,0,0,0,0,0,0,0,0,0,0,0,0,0,0,0,0,-1,-1,-1,-1,-1,-1,-1,-1,-1,-1,-1,-1,
LT52:left,vpn,left,15,200,0,0,0,0,0,0,0,0,0,0,0,0,0,0,0,0,0,0,0,0,0,0,0,0,0,0,0,0,-1,-1,-1,-1,-1,-1,-1,-1,-1,-1,-1,-1,
LT52:right,vpn,right,16,100,0,0,0,0,0,0,0,0,0,0,0,0,0,0,0,0,0,0,0,0,0,0,0,0,0,0,0,0,-1,-1,-1,-1,-1,-1,-1,-1,-1,-1,-1,-1,
LT52:right,vpn,right,16,200,0,0,0,0,0,0,0,0,0,0,0,0,0,0,0,0,0,0,0,0,0,0,0,0,0,0,0,0,-1,-1,-1,-1,-1,-1,-1,-1,-1,-1,-1,-1,
LT57:left,vpn,left,11,100,0,0,0,1.0,0,0,0,0,0,0,0,0,2.0,0,0,0,0,0,0,0,0,0,0,0,34,0,0,0,2,2,2,2,2,3,3,3,3,3,3,3,
LT57:left,vpn,left,11,200,0,0.7,0,0.5,0,0,0,0,0,0,0,0,1.0,0,0,0,2.0,0,0,0,0,0,0,0,58,1.0,0,0,2,2,2,2,2,3,3,3,3,3,3,3,DNbe003_L:14;DNp56_L:5;DNg13_L:3;DNb05_L:3;DNg97_L:2;DNg13_R:2;DNbe007_L:1;DNae005_L:1;DNa02_L:1
LT57:right,vpn,right,11,100,0,1.3,2.0,0,2.0,0,0,0,0,0,0,0,0,4.0,4.0,6.0,0,0,0,0,0,0,0,0,36,3.0,0,0,2,2,2,2,2,3,3,3,3,3,4,3,
LT57:right,vpn,right,11,200,0,9.0,11,0,4.0,0,0,0,0,0,0,1.0,0,7.0,27,33,0,1.0,0,0,0,0,0,0,108,14,0,0,2,2,2,2,2,3,3,3,3,3,4,3,DNbe003_R:42;DNg100_R:33;DNg100_L:27;DNg16_R:25;DNg13_R:24;DNb05_R:23;DNge018_R:19;DNbe007_R:19;DNg16_L:18;DNp56_R:16;DNge046_R:9;DNge046_L:9;DNge004_L:9;DNb08_R:9;DNge004_R:8;DNg96_R:8;DNg75_R:7;DNa02_R:7;DNge123_R:4;DNge026_R:3
LTe49:left,vpn,left,13,100,0,0.3,0.3,0,0,0,0,0,0,0,0,0,0,0,0,0,1.0,1.0,0,0,0,0,0,0,42,6.0,0,0,2,2,2,2,2,3,2,2,2,3,3,3,
LTe49:left,vpn,left,13,200,0,8.3,7.0,0.5,3.0,0,0,0,0,0,0,6.0,1.0,0,6.0,6.0,19,15,0,0,0,0,0,0,144,18,0,0,2,2,2,2,2,3,2,2,2,3,3,3,DNae009_L:85;DNae009_R:77;DNa10_L:73;DNa10_R:63;DNbe004_R:46;DNp104_L:27;DNbe004_L:27;DNb08_R:20;DNpe022_L:19;DNg97_L:19;DNg16_R:19;DNg13_R:19;DNg16_L:16;DNg13_L:16;DNg97_R:15;DNpe053_L:13;DNge013_R:11;DNge040_R:10;DNg96_R:8;DNge123_R:4
LTe49:right,vpn,right,14,100,0,0,0,0,0,0,0,0,0,0,0,0,0,0,0,0,0,0,0,0,0,0,0,0,42,5.5,0,0,2,2,2,2,2,2,2,2,2,2,3,3,
LTe49:right,vpn,right,14,200,0,17,16,2.5,4.0,0,0,0,0,0,5.0,7.0,0,1.0,24,24,26,23,0,0,0,0,0,0,210,40,0,0,2,2,2,2,2,2,2,2,2,2,3,3,DNae009_R:83;DNa10_R:67;DNae009_L:65;DNa10_L:61;DNbe004_R:49;DNp104_R:36;DNg16_R:33;DNpe022_R:31;DNg13_L:31;DNg97_L:26;DNg13_R:26;DNbe004_L:26;DNb08_R:26;DNg100_R:24;DNg100_L:24;DNg97_R:23;DNge018_R:20;DNg16_L:19;DNp104_L:17;DNg111_R:10
MTe01a:left,vpn,left,41,100,0,0,0,0,0,0,0,0,0,0,0,0,0,0,0,0,0,0,0,0,0,0,0,0,0,0,0,0,-1,-1,-1,-1,-1,-1,-1,-1,-1,-1,-1,-1,
MTe01a:left,vpn,left,41,200,0,0,0,0,0,0,0,0,0,0,0,0,0,0,0,0,0,0,0,0,0,0,0,0,0,0,0,0,-1,-1,-1,-1,-1,-1,-1,-1,-1,-1,-1,-1,
MTe01a:right,vpn,right,46,100,0,0,0,0,0,0,0,0,0,0,0,0,0,0,0,0,0,0,0,0,0,0,0,0,0,0,0,0,-1,-1,-1,-1,-1,-1,-1,-1,-1,-1,-1,-1,
MTe01a:right,vpn,right,46,200,0,0,0,0,0,0,0,0,0,0,0,0,0,0,0,0,0,0,0,0,0,0,0,0,0,0,0,0,-1,-1,-1,-1,-1,-1,-1,-1,-1,-1,-1,-1,
MTe01b:left,vpn,left,23,100,0,2.3,15,0.5,6.0,0,0,0,0,0,0,6.0,1.0,6.0,6.0,6.0,1.0,39,0,0,0,0,0,0,174,26,0,0,2,2,2,3,2,2,2,2,2,3,2,3,
MTe01b:left,vpn,left,23,200,0,7.7,23,2.5,9.0,0,0,0,0,0,1.0,12,4.0,6.0,23,24,0,46,0,0,0,0,0,0,360,44,0,0,2,2,2,3,2,2,2,2,2,3,2,3,DNpe017_L:131;DNp19_L:124;DNg49_L:120;DNpe013_L:115;DNp102_L:112;DNp22_L:102;DNpe027_L:92;DNge043_L:92;DNg13_L:85;DNge107_L:84;DNpe004_L:76;DNge070_L:76;DNpe032_L:67;DNg75_L:63;DNg90_L:62;DNp53_R:52;DNge088_L:51;DNg97_R:46;DNg46_L:42;DNp16_L:41
MTe01b:right,vpn,right,25,100,0,16,0.7,3.0,5.0,0,0,0,0,0,0,0,6.0,10,2.0,2.0,47,0,0,0,0,0,0,0,184,32,0,0,2,2,2,2,2,3,2,2,2,3,3,3,
MTe01b:right,vpn,right,25,200,0,23,7.3,3.0,10,0,0,0,0,0,0,0,6.0,20,17,22,51,0,0,0,0,0,0,0,407,54,0,0,2,2,2,2,2,3,2,2,2,3,3,3,DNpe017_R:132;DNp19_R:116;DNge043_R:116;DNp102_R:109;DNp22_R:105;DNpe013_R:99;DNp40_R:99;DNpe027_R:94;DNpe004_R:79;DNge107_R:78;DNge070_R:77;DNp53_R:62;DNg13_R:59;DNg46_R:57;DNp16_R:56;DNp20_R:55;DNg90_R:55;DNg97_L:51;DNg75_R:46;DNa16_L:23
MTe02:left,vpn,left,37,100,0,0,0,0,0,0,0,0,0,0,0,0,0,0,0,0,0,0,0,0,0,0,0,0,24,0,0,0,2,2,3,2,3,3,3,3,4,3,4,4,
MTe02:left,vpn,left,37,200,0,0,0,0,0,0,0,0,0,0,0,0,0,0,0,0,0,0,0,0,0,0,0,0,57,2.0,0,0,2,2,3,2,3,3,3,3,4,3,4,4,DNp102_L:28;DNp31_L:25;DNp10_L:7;DNp59_L:2
MTe02:right,vpn,right,37,100,0,0,0,0,0,0,0,0,0,0,0,0,0,0,0,0,0,0,0,0,0,0,0,0,22,0,0,0,2,3,3,3,3,3,3,3,4,3,4,4,
MTe02:right,vpn,right,37,200,0,0,0,0,0,0,0,0,0,0,0,0,0,0,0,0,0,0,0,0,0,0,0,0,78,4.0,0,0,2,3,3,3,3,3,3,3,4,3,4,4,DNp31_R:24;DNp102_R:22;DNp49_R:17;DNbe001_R:11;DNp42_R:8;DNp59_R:1;DNa16_R:1;DNa15_R:1
MTe03:left,vpn,left,23,100,0,0,0,0,0,0,0,0,0,0,0,0,0,0,0,0,0,0,0,0,0,0,0,0,19,0,0,0,2,2,3,3,2,3,3,3,3,3,4,4,
MTe03:left,vpn,left,23,200,0,0,0,0,0,0,0,0,0,0,0,0,0,0,0,0,0,0,0,0,0,0,0,0,43,0,0,0,2,2,3,3,2,3,3,3,3,3,4,4,
MTe03:right,vpn,right,24,100,0,0,0,0,0,0,0,0,0,0,0,0,0,0,0,0,0,0,0,0,0,0,0,0,27,1.0,0,0,2,3,3,2,3,3,3,3,3,4,4,4,
MTe03:right,vpn,right,24,200,0,0,0,0,0,0,0,0,0,0,0,0,0,0,0,0,0,0,0,0,0,0,0,0,49,1.0,0,0,2,3,3,2,3,3,3,3,3,4,4,4,DNp42_R:42
MTe04:left,vpn,left,12,100,0,0,0,0,0,0,0,0,0,0,0,0,0,0,0,0,0,0,0,0,0,0,0,0,5.0,0,0,0,2,2,2,2,3,3,3,3,3,3,4,4,
MTe04:left,vpn,left,12,200,0,0,0,0,0,0,0,0,0,0,0,0,0,0,0,0,0,0,0,0,0,0,0,0,22,0,0,0,2,2,2,2,3,3,3,3,3,3,4,4,
MTe04:right,vpn,right,18,100,0,0,0,0,0,0,0,0,0,0,0,0,0,0,0,0,0,0,0,0,0,0,0,0,14,0,0,0,2,2,2,3,3,3,3,3,3,3,4,4,
MTe04:right,vpn,right,18,200,0,0,0,0,0,0,0,0,0,0,0,0,0,0,0,0,0,0,0,0,0,0,0,0,36,1.0,0,0,2,2,2,3,3,3,3,3,3,3,4,4,DNp03_L:24
MTe05:left,vpn,left,13,100,0,0,0,0,0,0,0,0,0,0,0,0,0,0,0,0,0,0,0,0,0,0,0,0,10,1.0,0,0,2,2,2,3,3,3,3,3,3,3,4,4,
MTe05:left,vpn,left,13,200,0,0,0,0,0,0,0,0,0,0,0,0,0,0,0,0,0,0,0,0,0,0,0,0,18,1.0,0,0,2,2,2,3,3,3,3,3,3,3,4,4,DNp27_L:70
MTe05:right,vpn,right,10,100,0,0,0,0,0,0,0,0,0,0,0,0,0,0,0,0,0,0,0,0,0,0,0,0,12,0,0,0,2,2,3,3,3,3,3,3,3,3,4,4,
MTe05:right,vpn,right,10,200,0,0,0,0,0,0,0,0,0,0,0,0,0,0,0,0,0,0,0,0,0,0,0,0,20,0,0,0,2,2,3,3,3,3,3,3,3,3,4,4,
MTe50:left,vpn,left,25,100,0,0,0,0,0,0,0,0,0,0,0,0,0,0,0,0,0,0,0,0,0,0,0,0,40,0.5,0,0,2,3,3,2,2,3,3,3,3,3,4,4,
MTe50:left,vpn,left,25,200,0,0,0,0,0,0,0,0,0,0,0,0,0,0,0,0,0,0,0,0,0,0,0,0,76,2.0,0,0,2,3,3,2,2,3,3,3,3,3,4,4,DNp32_L:34;DNb05_L:14;DNp102_R:5
MTe50:right,vpn,right,29,100,0,0,0,0,0,0,0,0,0,0,0,0,0,0,0,0,0,0,0,0,0,0,0,0,52,2.5,0,0,2,3,3,2,3,3,3,3,3,3,4,4,
MTe50:right,vpn,right,29,200,0,0,0,2.0,0,0,0,0,0,0,0,0,4.0,0,0,0,0,0,0,0,0,0,0,0,105,9.5,0,0,2,3,3,2,3,3,3,3,3,3,4,4,DNb05_R:56;DNp32_R:35;DNp31_R:33;DNp42_R:32;DNpe017_L:31;DNp102_L:31;DNbe001_R:31;DNb06_L:14;DNg35_R:13;DNa15_L:7;DNa02_L:4;DNa16_L:2;DNa11_L:2;DNa06_L:2;DNa03_L:2;DNa13_L:2;DNg75_L:1;DNae002_L:1;DNa04_L:1;DNg04_L:0
MTe51:left,vpn,left,48,100,0,0,0,0,0,0,0,0,0,0,0,0,0,0,0,0,0,0,0,0,0,0,0,0,121,1.0,0,0,2,3,3,2,2,3,3,3,3,3,3,4,
MTe51:left,vpn,left,48,200,0,0,0,0,0,0,0,0,0,0,0,0,0,0,0,0,0,0,0,0,0,0,0,0,216,1.5,0,0,2,3,3,2,2,3,3,3,3,3,3,4,DNp32_L:58;DNp06_L:9;DNa10_L:3;DNpe053_L:2
MTe51:right,vpn,right,50,100,0,0,0,0,0,0,0,0,0,0,0,0,0,0,0,0,0,0,0,0,0,0,0,0,124,1.0,0,0,2,2,2,3,3,3,3,3,3,3,4,4,
MTe51:right,vpn,right,50,200,0,0,0,0,0,0,0,0,0,0,0,0,0,0,0,0,0,0,0,0,0,0,0,0,206,1.0,0,0,2,2,2,3,3,3,3,3,3,3,4,4,DNp32_R:63;DNp06_R:1
MTe52:left,vpn,left,18,100,0,0,0,2.5,0,0,0,0,0,0,0,0,5.0,0,0,0,0,0,0,0,0,0,0,0,89,5.0,0,0,2,2,3,2,2,3,3,3,3,3,3,4,
MTe52:left,vpn,left,18,200,0,0,0,13,1.5,0,0,0,0,0,0,0,26,3.0,0,0,0,0,0,0,0,0,0,0,190,12,0,0,2,2,3,2,2,3,3,3,3,3,3,4,DNb05_L:116;DNp10_L:68;DNbe001_L:55;DNp31_L:41;DNp07_L:41;DNa02_L:26;DNa16_L:25;DNa04_L:23;DNp47_L:22;DNp26_L:13;DNg99_L:12;DNp18_L:11;DNbe001_R:9;DNae002_L:7;DNp18_R:4;DNbe007_L:4;DNa10_L:4;DNa02_R:3;DNa16_R:2;DNa15_R:2
MTe52:right,vpn,right,24,100,0,0,0,0,2.0,0,0,0,0,0,0,0,0,4.0,0,0,0,0,0,0,0,0,0,0,107,4.0,0,0,2,2,2,2,3,3,3,3,3,3,3,4,
MTe52:right,vpn,right,24,200,0,0,0,1.5,10,0,0,0,0,0,0,0,3.0,20,0,0,0,0,0,0,0,0,0,0,234,12,0,0,2,2,2,2,3,3,3,3,3,3,3,4,DNb05_R:94;DNbe001_R:62;DNp31_R:61;DNp07_R:31;DNa16_R:25;DNp47_R:22;DNg99_R:22;DNa04_R:21;DNa02_R:20;DNp18_R:17;DNg35_R:15;DNbe001_L:8;DNpe005_R:6;DNp19_R:5;DNp73_R:4;DNae002_R:4;DNa15_R:3;DNg04_R:2;DNpe017_R:2;DNa10_L:2
MTe54:left,vpn,left,27,100,0,0,0,0,0,0,0,0,0,0,0,0,0,0,0,0,0,0,0,0,0,0,0,0,14,0,0,0,2,2,3,2,2,3,3,3,3,3,3,4,
MTe54:left,vpn,left,27,200,0,0,0,0,0,0,0,0,0,0,0,0,0,0,0,0,0,0,0,0,0,0,0,0,42,0,0,0,2,2,3,2,2,3,3,3,3,3,3,4,
MTe54:right,vpn,right,27,100,0,0,0,0,0,0,0,0,0,0,0,0,0,0,0,0,0,0,0,0,0,0,0,0,20,0,0,0,2,2,2,2,3,3,3,3,3,3,4,4,
MTe54:right,vpn,right,27,200,0,0,0,0,0,0,0,0,0,0,0,0,0,0,0,0,0,0,0,0,0,0,0,0,46,0,0,0,2,2,2,2,3,3,3,3,3,3,4,4,
MeTu1:left,vpn,left,120,100,0,0,11,2.0,0,0,0,0,0,0,0,0,4.0,0,0,0,0,33,0,0,0,0,0,0,248,20,0,0,2,2,3,2,2,3,3,3,3,3,3,4,
MeTu1:left,vpn,left,120,200,0,5.0,22,12,0,0,0,0,0,0,0,0,24,0,15,15,0,50,0,0,0,0,0,0,398,32,0,0,2,2,3,2,2,3,3,3,3,3,3,4,DNpe017_L:115;DNpe014_L:92;DNg13_L:67;DNpe027_L:65;DNge070_L:58;DNp22_L:51;DNp16_L:50;DNg97_R:50;DNpe019_L:44;DNg75_L:44;DNge107_L:35;DNp51_L:34;DNg49_L:33;DNpe013_L:31;DNae002_L:31;DNbe003_L:30;DNge043_L:29;DNb01_L:29;DNp20_L:26;DNa16_L:24
MeTu1:right,vpn,right,124,100,0,6.3,0,0,4.0,0,0,0,0,0,0,0,0,8.0,0,0,19,0,0,0,0,0,0,0,317,27,0,0,2,2,2,3,2,3,3,3,3,3,4,4,
MeTu1:right,vpn,right,124,200,0,14,0,0,10,0,0,0,0,0,0,0,0,20,0,0,42,0,0,0,0,0,0,0,540,42,0,0,2,2,2,3,2,3,3,3,3,3,4,4,DNp40_R:116;DNpe014_R:100;DNpe017_R:85;DNp22_R:74;DNge070_R:68;DNpe027_R:58;DNge043_R:58;DNp20_R:52;DNb06_R:50;DNp16_R:48;DNpe019_R:44;DNp51_R:44;DNg97_L:42;DNge107_R:41;DNg75_R:40;DNg13_R:39;DNpe013_R:37;DNbe001_R:35;DNb01_R:35;DNae002_R:30
MeTu2a:left,vpn,left,33,100,0,0,0,0,0,0,0,0,0,0,0,0,0,0,0,0,0,0,0,0,0,0,0,0,22,0,0,0,2,3,3,2,3,3,5,5,5,6,6,6,
MeTu2a:left,vpn,left,33,200,0,0,0,0,0,0,0,0,0,0,0,0,0,0,0,0,0,0,0,0,0,0,0,0,30,0,0,0,2,3,3,2,3,3,5,5,5,6,6,6,
MeTu2a:right,vpn,right,36,100,0,0,0,0,0,0,0,0,0,0,0,0,0,0,0,0,0,0,0,0,0,0,0,0,36,0,0,0,2,3,3,3,3,3,5,5,5,5,6,6,
MeTu2a:right,vpn,right,36,200,0,0,0,0,0,0,0,0,0,0,0,0,0,0,0,0,0,0,0,0,0,0,0,0,52,0,0,0,2,3,3,3,3,3,5,5,5,5,6,6,
MeTu2b:left,vpn,left,17,100,0,0,0,0,0,0,0,0,0,0,0,0,0,0,0,0,0,0,0,0,0,0,0,0,4.0,0,0,0,3,3,3,3,3,3,5,5,5,7,7,7,
MeTu2b:left,vpn,left,17,200,0,0,0,0,0,0,0,0,0,0,0,0,0,0,0,0,0,0,0,0,0,0,0,0,5.0,0,0,0,3,3,3,3,3,3,5,5,5,7,7,7,
MeTu2b:right,vpn,right,14,100,0,0,0,0,0,0,0,0,0,0,0,0,0,0,0,0,0,0,0,0,0,0,0,0,18,0,0,0,2,3,3,3,2,4,5,5,5,7,7,7,
MeTu2b:right,vpn,right,14,200,0,0,0,0,0,0,0,0,0,0,0,0,0,0,0,0,0,0,0,0,0,0,0,0,19,0,0,0,2,3,3,3,2,4,5,5,5,7,7,7,
MeTu3a:left,vpn,left,20,100,0,0,0,0,0,0,0,0,0,0,0,0,0,0,0,0,0,0,0,0,0,0,0,0,29,0,0,0,2,2,3,2,3,3,5,4,4,5,5,6,
MeTu3a:left,vpn,left,20,200,0,0,0,0,0,0,0,0,0,0,0,0,0,0,0,0,0,0,0,0,0,0,0,0,48,0,0,0,2,2,3,2,3,3,5,4,4,5,5,6,
MeTu3a:right,vpn,right,19,100,0,0,0,0,0,0,0,0,0,0,0,0,0,0,0,0,0,0,0,0,0,0,0,0,46,0,0,0,2,3,3,3,3,3,4,4,4,4,5,5,
MeTu3a:right,vpn,right,19,200,0,0,0,0,0,0,0,0,0,0,0,0,0,0,0,0,0,0,0,0,0,0,0,0,70,0,0,0,2,3,3,3,3,3,4,4,4,4,5,5,
MeTu3b:left,vpn,left,44,100,0,0,0,0,0,0,0,0,0,0,0,0,0,0,0,0,0,0,0,0,0,0,0,0,39,0,0,0,2,2,2,3,3,3,4,3,3,4,4,4,
MeTu3b:left,vpn,left,44,200,0,0,0,0,0,0,0,0,0,0,0,0,0,0,0,0,0,0,0,0,0,0,0,0,86,0,0,0,2,2,2,3,3,3,4,3,3,4,4,4,
MeTu3b:right,vpn,right,41,100,0,0,0,0,0,0,0,0,0,0,0,0,0,0,0,0,0,0,0,0,0,0,0,0,68,0,0,0,2,3,3,3,3,3,3,3,4,3,4,5,
MeTu3b:right,vpn,right,41,200,0,0,0,0,0,0,0,0,0,0,0,0,0,0,0,0,0,0,0,0,0,0,0,0,107,0,0,0,2,3,3,3,3,3,3,3,4,3,4,5,
MeTu3c:left,vpn,left,81,100,0,0,0,0,0,0,0,0,0,0,0,0,0,0,0,0,0,0,0,0,0,0,0,0,48,0,0,0,2,2,3,2,3,3,3,3,3,4,4,4,
MeTu3c:left,vpn,left,81,200,0,0,0,0,0,0,0,0,0,0,0,0,0,0,0,0,0,0,0,0,0,0,0,0,62,0,0,0,2,2,3,2,3,3,3,3,3,4,4,4,
MeTu3c:right,vpn,right,70,100,0,0,0,0,0,0,0,0,0,0,0,0,0,0,0,0,0,0,0,0,0,0,0,0,47,0,0,0,2,2,3,2,2,3,3,3,3,3,4,5,
MeTu3c:right,vpn,right,70,200,0,0,0,0,0,0,0,0,0,0,0,0,0,0,0,0,0,0,0,0,0,0,0,0,72,0,0,0,2,2,3,2,2,3,3,3,3,3,4,5,
MeTu4a:left,vpn,left,71,100,0,0,0,0,0,0,0,0,0,0,0,0,0,0,0,0,0,0,0,0,0,0,0,0,37,0,0,0,2,2,2,2,3,3,2,2,3,3,3,3,
MeTu4a:left,vpn,left,71,200,0,0,0,7.5,0,0,0,0,0,0,0,0,15,0,0,0,0,0,0,0,0,0,0,0,108,2.0,0,0,2,2,2,2,3,3,2,2,3,3,3,3,DNae010_L:26;DNa02_L:15;DNpe014_L:2;DNa16_L:1;DNa15_L:1
MeTu4a:right,vpn,right,60,100,0,0,0,0,0,0,0,0,0,0,0,0,0,0,0,0,0,0,0,0,0,0,0,0,72,0.5,0,0,2,2,2,2,3,3,3,2,3,3,4,4,
MeTu4a:right,vpn,right,60,200,0,0,0,0,9.0,0,0,0,0,0,0,0,0,18,0,0,0,0,0,0,0,0,0,0,176,6.0,0,0,2,2,2,2,3,3,3,2,3,3,4,4,DNa15_R:18;DNa02_R:18;DNa16_R:16;DNb06_L:10;DNpe014_R:10;DNae010_R:9;DNp40_R:8;DNa06_R:6;DNge033_R:5;DNge006_R:5;DNp31_R:4;DNg04_R:2;DNbe001_R:2;DNae002_R:2;DNa04_R:1
MeTu4b:left,vpn,left,9,100,0,0,0,0,0,0,0,0,0,0,0,0,0,0,0,0,0,0,0,0,0,0,0,0,5.0,0,0,0,2,2,2,3,3,3,4,3,4,4,4,4,
MeTu4b:left,vpn,left,9,200,0,0,0,0,0,0,0,0,0,0,0,0,0,0,0,0,0,0,0,0,0,0,0,0,8.0,0,0,0,2,2,2,3,3,3,4,3,4,4,4,4,
MeTu4b:right,vpn,right,12,100,0,0,0,0,0,0,0,0,0,0,0,0,0,0,0,0,0,0,0,0,0,0,0,0,9.0,0,0,0,2,2,3,3,3,3,4,3,4,4,5,5,
MeTu4b:right,vpn,right,12,200,0,0,0,0,0,0,0,0,0,0,0,0,0,0,0,0,0,0,0,0,0,0,0,0,17,0,0,0,2,2,3,3,3,3,4,3,4,4,5,5,
MeTu4c:left,vpn,left,41,100,0,0,0.3,6.0,0,0,0,0,0,0,0,0,12,0,0,0,0,1.0,0,0,0,0,0,0,60,1.0,0,0,2,2,2,2,3,3,2,2,3,3,3,4,
MeTu4c:left,vpn,left,41,200,0,4.0,9.3,24,0,0,0,0,0,0,14,0,33,0,11,11,1.0,17,0,0,0,0,0,0,208,16,0,0,2,2,2,2,3,3,2,2,3,3,3,4,DNa02_L:33;DNg13_L:26;DNde002_L:26;DNg97_R:17;DNg111_L:17;DNg75_L:16;DNp10_L:15;DNb05_L:15;DNb08_L:14;DNa16_L:14;DNa01_L:14;DNg16_R:12;DNg16_L:12;DNg100_R:11;DNg100_L:11;DNge043_R:7;DNge046_R:6;DNge046_L:6;DNge018_R:6;DNge004_R:6
MeTu4c:right,vpn,right,48,100,0,0,0,0,6.0,0,0,0,0,0,0,0,0,12,0,0,0,0,0,0,0,0,0,0,67,2.0,0,0,2,2,2,2,3,3,2,2,3,3,4,4,
MeTu4c:right,vpn,right,48,200,0,0.3,0,0,18,0,0,0,0,0,0,0,0,35,0,0,1.0,0,0,0,0,0,0,0,172,7.0,0,0,2,2,2,2,3,3,2,2,3,3,4,4,DNde002_R:35;DNa02_R:35;DNa06_R:14;DNb06_L:13;DNge033_R:11;DNg75_R:10;DNge006_R:9;DNa16_R:9;DNpe017_L:5;DNp32_R:4;DNge007_R:3;DNae002_R:2;DNa15_R:2;DNg97_L:1;DNg90_R:1;DNg89_R:1;DNg16_R:1;DNg16_L:1;DNg13_R:1;DNg04_R:1
MeTu4d:left,vpn,left,19,100,0,0,0,0,0,0,0,0,0,0,0,0,0,0,0,0,0,0,0,0,0,0,0,0,6.0,0,0,0,2,2,2,3,3,3,3,3,3,4,4,4,
MeTu4d:left,vpn,left,19,200,0,0,0,0,0,0,0,0,0,0,0,0,0,0,0,0,0,0,0,0,0,0,0,0,11,0,0,0,2,2,2,3,3,3,3,3,3,4,4,4,
MeTu4d:right,vpn,right,18,100,0,0,0,0,0,0,0,0,0,0,0,0,0,0,0,0,0,0,0,0,0,0,0,0,9.5,0,0,0,2,2,2,3,3,3,3,3,4,4,4,4,
MeTu4d:right,vpn,right,18,200,0,0,0,0,0,0,0,0,0,0,0,0,0,0,0,0,0,0,0,0,0,0,0,0,21,0,0,0,2,2,2,3,3,3,3,3,4,4,4,4,
TmY14:left,vpn,left,185,100,0,0,0,0,0,0,0,0,0,0,0,0,0,0,0,0,0,0,0,0,0,0,0,0,0,0,0,0,2,2,3,2,3,3,-1,-1,-1,-1,-1,-1,
TmY14:left,vpn,left,185,200,0,0,0,0,0,0,0,0,0,0,0,0,0,0,0,0,0,0,0,0,0,0,0,0,0,0,0,0,2,2,3,2,3,3,-1,-1,-1,-1,-1,-1,
TmY14:right,vpn,right,185,100,0,0,0,0,0,0,0,0,0,0,0,0,0,0,0,0,0,0,0,0,0,0,0,0,0,0,0,0,-1,-1,-1,-1,-1,-1,-1,-1,-1,-1,-1,-1,
TmY14:right,vpn,right,185,200,0,0,0,0,0,0,0,0,0,0,0,0,0,0,0,0,0,0,0,0,0,0,0,0,0,0,0,0,-1,-1,-1,-1,-1,-1,-1,-1,-1,-1,-1,-1,
aMe5:left,vpn,left,27,100,0,0,0,0,0,0,0,0,0,0,0,0,0,0,0,0,0,0,0,0,0,0,0,0,48,0,0,0,2,2,2,2,2,2,2,2,2,2,3,3,
aMe5:left,vpn,left,27,200,0,12,7.3,0,4.5,0,0,0,0,0,0,1.0,0,8.0,18,20,18,2.0,0,0,0,0,0,0,176,16,0,0,2,2,2,2,2,2,2,2,2,2,3,3,DNp13_L:31;DNpe045_L:23;DNp10_L:22;DNb05_L:22;DNg100_R:20;DNp49_L:19;DNg55_C:19;DNge050_L:18;DNg97_L:18;DNg100_L:18;DNg75_R:16;DNp27_L:11;DNge050_R:11;DNge035_L:10;DNae008_L:10;DNa16_R:9;DNp31_L:8;DNa02_R:8;DNg13_R:7;DNge033_R:4
aMe5:right,vpn,right,28,100,0,0,0,0,0,0,0,0,0,0,0,0,0,0,0,0,0,0,0,0,0,0,0,0,56,1.0,0,0,2,2,2,2,2,2,2,2,2,2,3,3,
aMe5:right,vpn,right,28,200,0,0,0,3.5,0,0,0,2.5,0,0,0,0,7.0,0,0,0,0,0,0,0,0,0,0,5.0,160,5.0,0,0,2,2,2,2,2,2,2,2,2,2,3,3,DNpe045_R:38;DNp39_R:29;DNp06_R:26;DNb05_R:20;DNa15_L:12;DNa16_L:7;DNa11_L:7;DNa06_L:7;DNa03_L:7;DNa02_L:7;DNae001_L:6;DNp70_R:5;DNp01_R:5;DNg40_R:5;DNp31_R:4;DNa13_L:4;DNp103_R:3;DNge119_R:3;DNp49_R:2
ocellar_VPN:both,vpn,both,20,100,0,0,0,0,0,0,0,0,0,0,0,0,0,0,0,0,0,0,0,0,0,0,0,0,119,16,0,0,2,2,2,2,2,2,2,2,2,2,2,3,
ocellar_VPN:both,vpn,both,20,200,0,4.7,5.0,2.5,4.0,0,0,0,0,0,3.0,2.0,2.0,6.0,6.0,6.0,8.0,9.0,0,0,0,0,0,0,266,44,0,0,2,2,2,2,2,2,2,2,2,2,2,3,DNb06_L:129;DNp18_L:126;DNp18_R:114;DNpe017_L:105;DNb06_R:101;DNpe017_R:94;DNp19_R:77;DNp19_L:68;DNp20_L:41;DNbe001_L:40;DNb05_R:37;DNp73_L:36;DNpe014_L:33;DNp73_R:26;DNb05_L:26;DNp16_L:26;DNp05_L:24;DNp05_R:22;DNbe001_R:20;DNp102_R:10
all_touch:left,combo_touch,left,1597,100,1,0.3,0,4.5,4.0,0,0,0,9.1,0,0,8.0,9.0,0,0,0,1.0,0,0,0,0,0,0,0,1592,182,7110,0,2,2,2,1,1,1,2,2,2,1,1,2,
all_touch:left,combo_touch,left,1597,200,1,1.0,0,10,1.5,0,1.5,0,16,0,0,3.0,20,0,0,0,3.0,0,0,0,0,1.5,0,0,2097,244,1920,0,2,2,2,1,1,1,2,2,2,1,1,2,DNg84_L:277;DNg35_L:270;DNg15_R:260;DNge132_L:257;DNg85_L:246;DNg48_R:245;DNge036_L:237;DNg87_L:226;DNg37_R:209;DNge104_R:201;DNge067_L:201;DNge133_L:194;DNge054_L:191;DNg57_L:182;DNg81_R:179;DNge056_R:178;DNge065_L:173;DNg59_L:171;DNge122_R:168;DNge121_L:161
all_touch:right,combo_touch,right,1640,100,1,0,0,1.5,2.0,0,0,0,3.4,2.0,3.0,0,0,4.0,0,0,0,0,0,0,0,0,0,0,1511,132,7120,0,2,2,2,1,1,1,2,2,2,1,2,1,
all_touch:right,combo_touch,right,1640,200,1,0,0,1.5,7.5,0,0,4.5,11,54,3.0,0,0,15,0,0,0,0,0,0,0,0,0,9.0,2142,216,8520,0,2,2,2,1,1,1,2,2,2,1,2,1,DNg35_R:262;DNg84_R:258;DNge132_R:243;DNg15_L:225;DNg87_R:220;DNg85_R:197;DNg48_L:192;DNge122_L:184;DNg81_L:183;DNge104_L:180;DNge054_R:172;DNg29_R:169;DNge067_R:154;DNg57_R:154;DNge011_R:153;DNge133_R:149;DNg59_R:138;DNge122_R:136;DNge121_R:135;DNg15_R:69
all_touch:both,combo_touch,both,3237,100,1,0,0,0,0.5,0,1.5,0,14,0,0,1.0,0,0,0,0,0,0,0,0,0,1.5,0,0,2306,250,7320,0,2,2,2,1,1,1,2,2,2,1,1,1,
all_touch:both,combo_touch,both,3237,200,1,0,0,0,0,0,4.0,0,27,0,0,0,0,0,0,0,0,0,0,0,0,4.0,0,0,3090,340,12610,0,2,2,2,1,1,1,2,2,2,1,1,1,DNg84_L:280;DNg35_L:271;DNg15_R:270;DNg84_R:264;DNg35_R:262;DNge132_L:255;DNg48_R:249;DNge132_R:247;DNg85_L:247;DNg15_L:247;DNg87_R:236;DNge036_L:235;DNg87_L:231;DNg37_R:211;DNge122_L:209;DNg81_L:208;DNge104_R:203;DNge067_L:203;DNge122_R:198;DNge133_L:99
body+headbristle+JOwind:left,combo_touch,left,592,100,1,0,0,3.0,4.5,0,0,0,0.8,0,0,9.0,6.0,0,0,0,0,0,0,0,0,0,0,0,669,109,0,0,2,2,2,1,1,1,2,2,2,2,1,2,
body+headbristle+JOwind:left,combo_touch,left,592,200,1,0,0,9.5,7.0,0,0,0,4.9,0,0,14,19,0,0,0,0,0,0,0,0,0,0,0,1094,181,1880,0,2,2,2,1,1,1,2,2,2,2,1,2,DNge036_L:232;DNg48_R:232;DNg85_L:231;DNg15_R:226;DNg84_L:218;DNg35_L:214;DNg37_R:203;DNge132_L:199;DNge067_L:183;DNge065_L:167;DNge056_R:167;DNge104_R:158;DNg57_L:158;DNg59_L:153;DNge100_L:148;DNg87_L:144;DNge057_R:139;DNg15_L:136;DNge121_L:134;DNge133_L:70
body+headbristle+JOwind:right,combo_touch,right,689,100,1,0,0,0,7.0,0,0,0,0,0,0,0,0,14,0,0,0,0,0,0,0,0,0,0,619,85,0,0,2,2,2,1,1,2,2,2,2,2,2,2,
body+headbristle+JOwind:right,combo_touch,right,689,200,1,0,0,1.5,7.0,0,0,0,1.1,0,2.0,0,1.0,14,0,0,0,0,0,0,0,0,0,0,980,130,0,0,2,2,2,1,1,2,2,2,2,2,2,2,DNg35_R:209;DNg84_R:200;DNg15_L:192;DNge132_R:184;DNg48_L:160;DNg85_R:156;DNg15_R:156;DNge122_L:144;DNg87_R:144;DNg81_L:144;DNg57_R:132;DNge104_L:126;DNg59_R:126;DNge054_R:123;DNge041_R:113;DNge067_R:111;DNge036_R:111;DNg84_L:110;DNge065_R:108;DNp73_R:55
all_ascending:left,combo_touch,left,838,100,1,20,12,46,16,3.5,2.0,0,0.2,4.5,0,22,92,9.0,0,0,61,35,0,0,3.5,2.0,0,0,2657,184,0,0,1,1,1,1,1,1,1,1,1,1,1,1,
all_ascending:left,combo_touch,left,838,200,1,28,23,71,9.5,6.0,2.5,0,2.3,0,0,11,142,8.0,0,0,83,69,0,0,6.0,2.5,0,0,11091,258,474380,1,1,1,1,1,1,1,1,1,1,1,1,1,DNge141_L:169;DNb05_L:161;DNge047_L:158;DNge054_L:153;DNpe056_L:144;DNa02_L:142;DNp102_L:139;DNg55_C:136;DNg49_L:136;DNg13_L:134;DNg102_L:133;DNge129_L:126;DNpe053_L:123;DNp56_L:123;DNp13_L:123;DNge083_L:120;DNge131_R:119;DNb05_R:73;DNp32_L:58;DNp12_L:58
all_ascending:right,combo_touch,right,898,100,1,5.0,6.0,11,34,12,18,0,0.6,1.0,6.0,0,16,67,0,0,15,18,0,0,12,18,0,0,10050,217,474220,1,1,1,1,1,1,1,1,1,1,1,1,1,
all_ascending:right,combo_touch,right,898,200,1,13,9.7,3.5,54,28,34,0,4.9,5.0,2.0,0,5.0,109,0,0,38,28,0,1.0,28,34,0,0,11370,270,476660,1,1,1,1,1,1,1,1,1,1,1,1,1,DNge141_R:185;DNge054_R:158;DNpe056_R:157;DNge047_R:157;DNg102_R:136;DNge129_R:131;DNge129_L:131;DNp102_R:130;DNp12_R:129;DNge131_L:128;DNge083_R:128;DNpe013_R:127;DNge139_R:121;DNp13_R:118;DNg55_C:114;DNge142_R:110;DNge119_R:110;DNp56_R:64;DNge013_R:58;DNb05_R:58
